año;mes;ANTIOQUIA;BOGOTÁ;BOYACÁ;CALDAS;CAUCA;CUNDINAMARCA;NARIÑO;QUINDÍO;RISARALDA;VALLE DEL CAUCA;REGIÓN 1;ARAUCA;ATLÁNTICO;BOLÍVAR;CAQUETÁ;CASANARE;CESAR;CÓRDOBA;GUAVIARE;HUILA;LA GUAJIRA;MAGDALENA;META;NORTE DE SANTANDER;PUTUMAYO;SANTANDER;SUCRE;TOLIMA;REGIÓN 2;NACIONAL
2008;enero;$ 865;nd;$ 774;$ 852;$ 866;$ 833;$ 702;$ 934;$ 842;$ 813;$ 835;$ 632;$ 843;$ 811;$ 728;$ 580;$ 800;$ 744;nd;$ 711;$ 837;$ 826;$ 609;$ 749;nd;$ 701;$ 724;$ 736;$ 771;$ 819
2008;febrero;$ 878;nd;$ 797;$ 869;$ 915;$ 871;$ 728;$ 943;$ 881;$ 815;$ 858;$ 614;$ 786;$ 819;$ 673;$ 551;$ 841;$ 768;nd;$ 704;$ 850;$ 825;$ 599;$ 793;nd;$ 733;$ 811;$ 761;$ 780;$ 847
2008;marzo;$ 846;nd;$ 818;$ 840;$ 878;$ 885;$ 747;$ 952;$ 784;$ 813;$ 854;$ 615;$ 800;$ 826;$ 745;$ 568;$ 837;$ 794;nd;$ 735;$ 815;$ 822;$ 638;$ 752;nd;$ 752;$ 795;$ 760;$ 795;$ 840
2008;abril;$ 883;nd;$ 818;$ 863;$ 892;$ 879;$ 742;$ 971;$ 846;$ 847;$ 867;$ 620;$ 779;$ 824;$ 744;$ 568;$ 840;$ 773;nd;$ 652;$ 850;$ 824;$ 665;$ 807;nd;$ 778;$ 782;$ 695;$ 797;$ 850
2008;mayo;$ 880;nd;$ 815;$ 856;$ 897;$ 877;$ 745;$ 988;$ 860;$ 863;$ 867;$ 623;$ 807;$ 834;$ 748;$ 573;$ 800;$ 766;nd;$ 725;$ 812;$ 820;$ 677;$ 814;nd;$ 769;$ 775;$ 809;$ 788;$ 847
2008;junio;$ 877;nd;$ 814;$ 869;$ 895;$ 869;$ 732;$ 937;$ 860;$ 843;$ 860;$ 624;$ 871;$ 792;$ 754;$ 556;$ 799;$ 759;nd;$ 710;$ 770;$ 807;$ 675;$ 817;nd;$ 766;$ 788;$ 809;$ 787;$ 840
2008;julio;$ 873;nd;$ 798;$ 863;$ 895;$ 861;$ 730;$ 921;$ 884;$ 851;$ 853;$ 619;$ 770;$ 756;$ 717;$ 547;$ 753;$ 753;nd;$ 774;$ 736;$ 738;$ 664;$ 819;nd;$ 768;$ 667;$ 788;$ 746;$ 821
2008;agosto;$ 882;nd;$ 768;$ 847;$ 892;$ 862;$ 722;$ 923;$ 887;$ 806;$ 854;$ 652;$ 791;$ 791;$ 719;$ 550;$ 739;$ 773;nd;$ 773;$ 720;$ 733;$ 690;$ 827;nd;$ 754;$ 719;$ 799;$ 749;$ 826
2008;septiembre;$ 880;nd;$ 798;$ 874;$ 873;$ 857;$ 724;$ 920;$ 884;$ 837;$ 852;$ 650;$ 784;$ 753;$ 712;$ 559;$ 736;$ 780;nd;$ 761;$ 700;$ 736;$ 694;$ 799;nd;$ 721;$ 744;$ 751;$ 743;$ 822
2008;octubre;$ 868;nd;$ 797;$ 868;$ 869;$ 850;$ 730;$ 925;$ 884;$ 839;$ 848;$ 648;$ 799;$ 762;$ 723;$ 546;$ 744;$ 797;nd;$ 767;$ 700;$ 739;$ 703;$ 826;nd;$ 747;$ 754;$ 828;$ 755;$ 825
2008;noviembre;$ 869;nd;$ 793;$ 875;$ 877;$ 855;$ 738;$ 924;$ 894;$ 839;$ 848;$ 683;$ 801;$ 754;$ 724;$ 550;$ 739;$ 792;nd;$ 747;$ 700;$ 739;$ 709;$ 806;nd;$ 740;$ 773;$ 801;$ 750;$ 823
2008;diciembre;$ 864;nd;$ 792;$ 874;$ 878;$ 854;$ 736;$ 925;$ 885;$ 838;$ 847;$ 638;$ 803;$ 783;$ 723;$ 575;$ 762;$ 787;nd;$ 764;$ 700;$ 736;$ 703;$ 817;nd;$ 747;$ 792;$ 802;$ 762;$ 825
2009;enero;$ 846;nd;$ 784;$ 871;$ 883;$ 849;$ 713;$ 902;$ 897;$ 834;$ 835;$ 637;$ 772;$ 783;$ 726;$ 600;$ 802;$ 779;nd;$ 762;$ 712;$ 738;$ 694;$ 819;nd;$ 746;$ 815;$ 811;$ 772;$ 822
2009;febrero;$ 840;nd;$ 786;$ 865;$ 872;$ 844;$ 734;$ 894;$ 894;$ 836;$ 832;$ 632;$ 850;$ 844;$ 736;$ 600;$ 822;$ 768;nd;$ 784;$ 766;$ 800;$ 707;$ 826;nd;$ 758;$ 810;$ 803;$ 791;$ 823
2009;marzo;$ 832;nd;$ 792;$ 849;$ 877;$ 845;$ 735;$ 887;$ 875;$ 834;$ 829;$ 665;$ 835;$ 803;$ 706;$ 600;$ 805;$ 749;nd;$ 768;$ 770;$ 807;$ 713;$ 827;nd;$ 756;$ 770;$ 813;$ 778;$ 818
2009;abril;$ 806;nd;$ 783;$ 839;$ 881;$ 842;$ 742;$ 840;$ 885;$ 808;$ 816;$ 643;$ 721;$ 745;$ 703;$ 600;$ 766;$ 706;nd;$ 767;$ 755;$ 744;$ 705;$ 791;nd;$ 708;$ 754;$ 801;$ 738;$ 799
2009;mayo;$ 806;nd;$ 780;$ 839;$ 881;$ 841;$ 743;$ 837;$ 867;$ 830;$ 817;$ 635;$ 795;$ 744;$ 681;$ 600;$ 748;$ 704;nd;$ 757;$ 803;$ 746;$ 689;$ 792;nd;$ 708;$ 754;$ 801;$ 733;$ 796
2009;junio;$ 802;nd;$ 779;$ 839;$ 880;$ 838;$ 738;$ 834;$ 845;$ 830;$ 814;$ 639;$ 797;$ 735;$ 708;$ 600;$ 729;$ 692;nd;$ 765;$ 768;$ 738;$ 693;$ 794;nd;$ 718;$ 722;$ 804;$ 728;$ 794
2009;julio;$ 806;nd;$ 782;$ 846;$ 886;$ 841;$ 739;$ 826;$ 855;$ 829;$ 816;$ 632;$ 804;$ 735;$ 720;$ 600;$ 730;$ 701;nd;$ 767;$ 774;$ 740;$ 694;$ 792;nd;$ 703;$ 748;$ 799;$ 731;$ 796
2009;agosto;$ 808;nd;$ 783;$ 845;$ 895;$ 840;$ 733;$ 819;$ 843;$ 827;$ 816;$ 615;$ 822;$ 742;$ 736;$ 600;$ 733;$ 705;nd;$ 769;$ 668;$ 740;$ 717;$ 797;nd;$ 707;$ 733;$ 797;$ 736;$ 796
2009;septiembre;$ 807;nd;$ 784;$ 851;$ 894;$ 849;$ 736;$ 820;$ 846;$ 831;$ 820;$ 613;$ 796;$ 725;$ 726;$ 600;$ 728;$ 709;nd;$ 746;$ 658;$ 706;$ 728;$ 791;nd;$ 716;$ 732;$ 794;$ 728;$ 795
2009;octubre;$ 811;nd;$ 787;$ 850;$ 890;$ 848;$ 736;$ 828;$ 842;$ 831;$ 822;$ 652;$ 755;$ 719;$ 734;$ 600;$ 727;$ 718;nd;$ 766;$ 644;$ 703;$ 718;$ 788;nd;$ 722;$ 729;$ 787;$ 727;$ 798
2009;noviembre;$ 814;nd;$ 789;$ 848;$ 883;$ 852;$ 743;$ 833;$ 839;$ 825;$ 825;$ 612;$ 749;$ 721;$ 721;$ 600;$ 728;$ 725;nd;$ 763;$ 642;$ 703;$ 721;$ 789;nd;$ 724;$ 722;$ 779;$ 726;$ 799
2009;diciembre;$ 811;nd;$ 788;$ 842;$ 886;$ 848;$ 737;$ 841;$ 817;$ 829;$ 822;$ 597;$ 757;$ 734;$ 742;$ 600;$ 736;$ 722;nd;$ 757;$ 647;$ 703;$ 725;$ 789;nd;$ 724;$ 747;$ 779;$ 733;$ 794
2010;enero;$ 807;nd;$ 796;$ 844;$ 892;$ 851;$ 735;$ 842;$ 851;$ 830;$ 822;$ 634;$ 754;$ 728;$ 750;$ 600;$ 783;$ 718;nd;$ 759;$ 650;$ 705;$ 738;$ 792;nd;$ 729;$ 733;$ 805;$ 747;$ 805
2010;febrero;$ 820;nd;$ 802;$ 848;$ 859;$ 865;$ 741;$ 854;$ 823;$ 828;$ 832;$ 638;$ 756;$ 753;$ 737;$ 600;$ 731;$ 712;nd;$ 769;$ 750;$ 706;$ 752;$ 787;nd;$ 731;$ 775;$ 829;$ 736;$ 812
2010;marzo;$ 824;nd;$ 791;$ 849;$ 867;$ 863;$ 747;$ 858;$ 822;$ 829;$ 834;$ 599;$ 751;$ 754;$ 730;$ 674;$ 743;$ 727;nd;$ 773;$ 750;$ 707;$ 760;$ 790;nd;$ 730;$ 756;$ 790;$ 739;$ 813
2010;abril;$ 825;nd;$ 805;$ 845;$ 869;$ 873;$ 749;$ 868;$ 806;$ 845;$ 839;$ 595;$ 763;$ 739;$ 712;$ 651;$ 772;$ 715;nd;$ 770;$ 750;$ 705;$ 759;$ 790;nd;$ 726;$ 737;$ 780;$ 738;$ 817
2010;mayo;$ 822;nd;$ 801;$ 851;$ 868;$ 864;$ 746;$ 856;$ 813;$ 828;$ 834;$ 570;$ 761;$ 720;$ 721;$ 624;$ 756;$ 710;nd;$ 779;$ 750;$ 701;$ 759;$ 816;nd;$ 726;$ 735;$ 780;$ 736;$ 809
2010;junio;$ 822;nd;$ 791;$ 850;$ 862;$ 856;$ 731;$ 858;$ 829;$ 824;$ 829;$ 530;$ 763;$ 722;$ 690;$ 550;$ 742;$ 724;nd;$ 780;$ 670;$ 700;$ 745;$ 790;nd;$ 726;$ 754;$ 781;$ 730;$ 802
2010;julio;$ 835;nd;$ 789;$ 857;$ 854;$ 854;$ 736;$ 872;$ 806;$ 815;$ 834;$ 543;$ 727;$ 719;$ 746;$ 650;$ 734;$ 736;nd;$ 778;$ 670;$ 695;$ 738;$ 790;nd;$ 724;$ 688;$ 780;$ 731;$ 807
2010;agosto;$ 833;nd;$ 781;$ 845;$ 842;$ 841;$ 745;$ 856;$ 827;$ 813;$ 827;$ 564;$ 719;$ 727;$ 717;$ 635;$ 725;$ 726;nd;$ 778;$ 669;$ 659;$ 746;$ 774;nd;$ 713;$ 684;$ 769;$ 718;$ 803
2010;septiembre;$ 835;nd;$ 779;$ 849;$ 844;$ 839;$ 745;$ 859;$ 815;$ 811;$ 828;$ 551;$ 715;$ 709;$ 728;$ 631;$ 725;$ 716;nd;$ 777;$ 669;$ 693;$ 746;$ 784;nd;$ 711;$ 688;$ 779;$ 719;$ 808
2010;octubre;$ 839;nd;$ 777;$ 851;$ 840;$ 838;$ 740;$ 862;$ 819;$ 812;$ 828;$ 543;$ 713;$ 708;$ 722;$ 627;$ 735;$ 715;nd;$ 781;$ 669;$ 699;$ 747;$ 772;nd;$ 713;$ 697;$ 781;$ 723;$ 805
2010;noviembre;$ 845;nd;$ 777;$ 834;$ 838;$ 841;$ 745;$ 864;$ 818;$ 813;$ 831;$ 571;$ 731;$ 722;$ 749;$ 643;$ 739;$ 721;nd;$ 760;$ 669;$ 727;$ 749;$ 778;nd;$ 717;$ 696;$ 803;$ 734;$ 812
2010;diciembre;$ 841;nd;$ 776;$ 842;$ 838;$ 838;$ 748;$ 881;$ 822;$ 824;$ 830;$ 574;$ 705;$ 726;$ 734;$ 648;$ 742;$ 715;nd;$ 786;$ 697;$ 727;$ 749;$ 796;nd;$ 723;$ 741;$ 795;$ 733;$ 812
2011;enero;$ 834;nd;$ 779;$ 836;$ 831;$ 834;$ 750;$ 866;$ 845;$ 823;$ 826;$ 500;$ 733;$ 778;$ 722;$ 649;$ 798;$ 712;nd;$ 779;$ 800;$ 786;$ 720;$ 796;nd;$ 718;$ 750;$ 789;$ 753;$ 811
2011;febrero;$ 838;nd;$ 785;$ 840;$ 830;$ 843;$ 759;$ 862;$ 850;$ 824;$ 831;$ 660;$ 759;$ 782;$ 740;$ 645;$ 811;$ 746;nd;$ 782;$ 800;$ 796;$ 723;$ 796;nd;$ 720;$ 746;$ 788;$ 767;$ 818
2011;marzo;$ 852;nd;$ 809;$ 865;$ 854;$ 860;$ 773;$ 877;$ 867;$ 827;$ 848;$ 674;$ 814;$ 789;$ 756;$ 646;$ 819;$ 763;nd;$ 786;$ 800;$ 799;$ 734;$ 797;nd;$ 726;$ 747;$ 791;$ 779;$ 834
2011;abril;$ 864;nd;$ 812;$ 879;$ 846;$ 864;$ 780;$ 889;$ 862;$ 840;$ 855;$ 673;$ 830;$ 789;$ 758;$ 636;$ 841;$ 764;nd;$ 809;$ 800;$ 810;$ 736;$ 805;nd;$ 736;$ 740;$ 801;$ 790;$ 840
2011;mayo;$ 871;nd;$ 827;$ 878;$ 852;$ 874;$ 782;$ 905;$ 876;$ 848;$ 864;$ 674;$ 800;$ 776;$ 749;$ 631;$ 842;$ 765;nd;$ 809;$ 800;$ 791;$ 742;$ 823;nd;$ 741;$ 742;$ 804;$ 788;$ 845
2011;junio;$ 880;nd;$ 831;$ 884;$ 866;$ 883;$ 777;$ 914;$ 883;$ 854;$ 871;$ 683;$ 807;$ 780;$ 756;$ 655;$ 840;$ 769;nd;$ 805;$ 800;$ 768;$ 742;$ 831;nd;$ 749;$ 751;$ 801;$ 790;$ 851
2011;julio;$ 883;nd;$ 834;$ 881;$ 879;$ 884;$ 780;$ 922;$ 883;$ 855;$ 873;$ 682;$ 820;$ 779;$ 760;$ 645;$ 847;$ 767;nd;$ 813;$ 800;$ 766;$ 741;$ 845;nd;$ 757;$ 745;$ 806;$ 792;$ 849
2011;agosto;$ 895;nd;$ 840;$ 887;$ 884;$ 888;$ 791;$ 937;$ 890;$ 860;$ 881;$ 672;$ 841;$ 782;$ 758;$ 655;$ 849;$ 790;nd;$ 832;$ 800;$ 765;$ 746;$ 841;nd;$ 765;$ 783;$ 804;$ 802;$ 861
2011;septiembre;$ 909;nd;$ 851;$ 897;$ 887;$ 904;$ 809;$ 951;$ 893;$ 860;$ 896;$ 520;$ 866;$ 789;$ 775;$ 654;$ 854;$ 807;nd;$ 829;$ 800;$ 770;$ 754;$ 840;nd;$ 773;$ 796;$ 806;$ 812;$ 877
2011;octubre;$ 917;nd;$ 854;$ 902;$ 886;$ 908;$ 807;$ 954;$ 900;$ 866;$ 900;$ 673;$ 877;$ 806;$ 776;$ 638;$ 889;$ 817;nd;$ 831;$ 811;$ 774;$ 767;$ 861;nd;$ 793;$ 810;$ 816;$ 829;$ 883
2011;noviembre;$ 925;nd;$ 861;$ 906;$ 893;$ 913;$ 815;$ 978;$ 916;$ 878;$ 907;$ 739;$ 906;$ 835;$ 797;$ 661;$ 895;$ 863;nd;$ 832;$ 950;$ 821;$ 765;$ 867;nd;$ 806;$ 849;$ 820;$ 846;$ 894
2011;diciembre;$ 921;nd;$ 874;$ 926;$ 895;$ 927;$ 817;$ 990;$ 931;$ 886;$ 913;$ 750;$ 914;$ 874;$ 787;$ 681;$ 919;$ 917;nd;$ 834;$ 900;$ 864;$ 782;$ 881;nd;$ 841;$ 882;$ 807;$ 865;$ 903
2012;enero;$ 949;nd;$ 884;$ 908;$ 899;$ 935;$ 818;$ 999;$ 916;$ 897;$ 929;$ 753;$ 898;$ 886;$ 794;$ 651;$ 921;$ 917;nd;$ 827;$ 905;$ 868;$ 799;$ 886;nd;$ 837;$ 899;$ 853;$ 868;$ 916
2012;febrero;$ 948;nd;$ 890;$ 909;$ 900;$ 949;$ 829;$ 993;$ 917;$ 904;$ 935;$ 741;$ 964;$ 907;$ 812;$ 648;$ 942;$ 921;nd;$ 854;$ 900;$ 923;$ 812;$ 894;nd;$ 857;$ 918;$ 823;$ 888;$ 926
2012;marzo;$ 947;nd;$ 905;$ 921;$ 909;$ 959;$ 848;$ 986;$ 914;$ 925;$ 941;$ 762;$ 994;$ 968;$ 795;$ 643;$ 955;$ 910;nd;$ 865;$ 1.085;$ 859;$ 830;$ 904;nd;$ 866;$ 898;$ 869;$ 889;$ 931
2012;abril;$ 948;nd;$ 914;$ 928;$ 926;$ 959;$ 846;$ 984;$ 928;$ 945;$ 943;$ 830;$ 968;$ 933;$ 755;$ 682;$ 909;$ 892;nd;$ 887;$ 1.098;$ 951;$ 843;$ 955;nd;$ 869;$ 877;$ 864;$ 890;$ 933
2012;mayo;$ 941;nd;$ 911;$ 934;$ 930;$ 961;$ 854;$ 979;$ 928;$ 957;$ 941;$ 824;$ 873;$ 870;$ 801;$ 710;$ 934;$ 884;nd;$ 906;$ 909;$ 887;$ 825;$ 904;nd;$ 875;$ 826;$ 869;$ 880;$ 926
2012;junio;$ 934;nd;$ 896;$ 940;$ 931;$ 928;$ 840;$ 957;$ 914;$ 955;$ 924;$ 772;$ 832;$ 826;$ 795;$ 730;$ 902;$ 843;nd;$ 907;$ 820;$ 845;$ 806;$ 911;nd;$ 858;$ 797;$ 893;$ 851;$ 906
2012;julio;$ 929;nd;$ 895;$ 886;$ 938;$ 923;$ 839;$ 955;$ 898;$ 892;$ 917;$ 852;$ 820;$ 756;$ 811;$ 691;$ 887;$ 839;nd;$ 908;$ 804;$ 824;$ 799;$ 933;nd;$ 880;$ 795;$ 887;$ 846;$ 898
2012;agosto;$ 927;nd;$ 903;$ 899;$ 932;$ 956;$ 849;$ 971;$ 899;$ 948;$ 931;$ 755;$ 839;$ 807;$ 825;$ 716;$ 863;$ 859;nd;$ 907;$ 933;$ 815;$ 805;$ 928;nd;$ 896;$ 806;$ 877;$ 849;$ 911
2012;septiembre;$ 931;nd;$ 900;$ 887;$ 934;$ 952;$ 851;$ 962;$ 903;$ 955;$ 931;$ 729;$ 858;$ 811;$ 839;$ 724;$ 863;$ 842;nd;$ 906;$ 934;$ 819;$ 810;$ 964;nd;$ 868;$ 798;$ 885;$ 847;$ 909
2012;octubre;$ 930;nd;$ 904;$ 890;$ 933;$ 957;$ 844;$ 967;$ 910;$ 960;$ 933;$ 780;$ 864;$ 812;$ 830;$ 699;$ 862;$ 845;nd;$ 905;$ 933;$ 837;$ 807;$ 926;nd;$ 879;$ 805;$ 891;$ 849;$ 912
2012;noviembre;$ 919;nd;$ 898;$ 901;$ 928;$ 955;$ 847;$ 983;$ 916;$ 958;$ 928;$ 780;$ 860;$ 802;$ 818;$ 777;$ 873;$ 797;nd;$ 908;$ 932;$ 828;$ 831;$ 926;nd;$ 872;$ 796;$ 888;$ 841;$ 908
2012;diciembre;$ 913;nd;$ 890;$ 823;$ 929;$ 947;$ 846;$ 985;$ 904;$ 957;$ 918;$ 787;$ 813;$ 802;$ 824;$ 704;$ 886;$ 789;nd;$ 888;$ 940;$ 830;$ 803;$ 926;nd;$ 873;$ 796;$ 898;$ 842;$ 900
2013;enero;$ 902;nd;$ 885;$ 914;$ 926;$ 939;$ 834;$ 962;$ 889;$ 945;$ 912;$ 790;$ 836;$ 805;$ 819;$ 716;$ 881;$ 775;$ 970;$ 901;$ 921;$ 832;$ 832;$ 957;nd;$ 868;$ 814;$ 893;$ 842;$ 898
2013;febrero;$ 892;nd;$ 884;$ 917;$ 926;$ 939;$ 835;$ 945;$ 875;$ 929;$ 908;$ 778;$ 843;$ 807;$ 822;$ 760;$ 889;$ 756;$ 970;$ 905;$ 926;$ 830;$ 840;$ 926;nd;$ 902;$ 845;$ 896;$ 850;$ 895
2013;marzo;$ 884;nd;$ 884;$ 903;$ 921;$ 937;$ 831;$ 945;$ 871;$ 918;$ 903;$ 735;$ 871;$ 828;$ 809;$ 744;$ 894;$ 747;$ 970;$ 897;$ 917;$ 865;$ 836;$ 923;nd;$ 865;$ 855;$ 901;$ 848;$ 893
2013;abril;$ 891;nd;$ 886;$ 896;$ 920;$ 928;$ 847;$ 942;$ 881;$ 901;$ 903;$ 781;$ 824;$ 818;$ 834;$ 758;$ 880;$ 737;$ 970;$ 897;$ 907;$ 850;$ 836;$ 916;nd;$ 894;$ 873;$ 866;$ 853;$ 891
2013;mayo;$ 890;nd;$ 872;$ 899;$ 912;$ 920;$ 835;$ 942;$ 888;$ 902;$ 897;$ 814;$ 849;$ 834;$ 817;$ 758;$ 889;$ 731;$ 940;$ 901;$ 931;$ 857;$ 829;$ 927;nd;$ 891;$ 788;$ 821;$ 849;$ 887
2013;junio;$ 894;nd;$ 861;$ 874;$ 889;$ 912;$ 843;$ 941;$ 868;$ 899;$ 895;$ 801;$ 799;$ 797;$ 771;$ 753;$ 852;$ 731;$ 940;$ 897;$ 901;$ 811;$ 830;$ 930;nd;$ 879;$ 749;$ 859;$ 818;$ 875
2013;julio;$ 894;nd;$ 855;$ 883;$ 880;$ 908;$ 845;$ 939;$ 866;$ 896;$ 893;$ 749;$ 794;$ 786;$ 800;$ 763;$ 843;$ 751;$ 940;$ 878;$ 884;$ 817;$ 820;$ 935;nd;$ 862;$ 738;$ 867;$ 822;$ 875
2013;agosto;$ 901;nd;$ 852;$ 872;$ 888;$ 903;$ 841;$ 942;$ 854;$ 903;$ 896;$ 742;$ 798;$ 787;$ 794;$ 738;$ 836;$ 759;$ 940;$ 893;$ 888;$ 808;$ 819;$ 887;nd;$ 862;$ 741;$ 834;$ 817;$ 876
2013;septiembre;$ 904;nd;$ 856;$ 890;$ 887;$ 907;$ 849;$ 946;$ 861;$ 871;$ 897;$ 754;$ 799;$ 785;$ 754;$ 761;$ 836;$ 766;$ 940;$ 902;$ 929;$ 811;$ 851;$ 903;nd;$ 865;$ 740;$ 811;$ 821;$ 879
2013;octubre;$ 914;nd;$ 854;$ 893;$ 890;$ 910;$ 846;$ 964;$ 880;$ 915;$ 904;$ 751;$ 802;$ 783;$ 799;$ 787;$ 846;$ 778;$ 940;$ 889;$ 884;$ 805;$ 820;$ 908;nd;$ 868;$ 756;$ 819;$ 824;$ 885
2013;noviembre;$ 915;nd;$ 853;$ 866;$ 886;$ 910;$ 840;$ 965;$ 880;$ 921;$ 903;$ 750;$ 800;$ 777;$ 789;$ 785;$ 845;$ 774;$ 980;$ 891;$ 926;$ 810;$ 830;$ 904;nd;$ 864;$ 780;$ 816;$ 824;$ 884
2013;diciembre;$ 912;nd;$ 854;$ 883;$ 888;$ 907;$ 844;$ 970;$ 884;$ 910;$ 901;$ 749;$ 824;$ 792;$ 797;$ 778;$ 869;$ 784;$ 975;$ 896;$ 926;$ 833;$ 855;$ 904;nd;$ 867;$ 796;$ 853;$ 839;$ 887
2014;enero;$ 913;nd;$ 864;$ 877;$ 893;$ 908;$ 836;$ 960;$ 881;$ 905;$ 903;$ 750;$ 847;$ 802;$ 797;$ 768;$ 877;$ 803;$ 966;$ 889;$ 937;$ 864;$ 848;$ 911;nd;$ 834;$ 829;$ 832;$ 841;$ 890
2014;febrero;$ 947;nd;$ 856;$ 884;$ 889;$ 905;$ 847;$ 944;$ 878;$ 900;$ 914;$ 750;$ 815;$ 803;$ 808;$ 778;$ 882;$ 793;$ 850;$ 887;$ 936;$ 859;$ 832;$ 882;nd;$ 874;$ 839;$ 820;$ 844;$ 901
2014;marzo;$ 924;nd;$ 862;$ 916;$ 915;$ 911;$ 883;$ 955;$ 915;$ 860;$ 909;$ 750;$ 814;$ 800;$ 816;$ 833;$ 891;$ 790;$ 860;$ 890;$ 953;$ 884;$ 808;$ 883;nd;$ 861;$ 904;$ 757;$ 849;$ 897
2014;abril;$ 927;nd;$ 867;$ 931;$ 913;$ 920;$ 881;$ 970;$ 919;$ 906;$ 917;$ 723;$ 797;$ 805;$ 829;$ 832;$ 892;$ 801;$ 860;$ 898;$ 956;$ 882;$ 806;$ 880;nd;$ 862;$ 901;$ 867;$ 853;$ 904
2014;mayo;$ 928;nd;$ 869;$ 886;$ 922;$ 926;$ 885;$ 966;$ 930;$ 908;$ 919;$ 725;$ 822;$ 807;$ 818;$ 846;$ 890;$ 791;$ 860;$ 904;$ 947;$ 879;$ 807;$ 911;nd;$ 876;$ 848;$ 866;$ 856;$ 906
2014;junio;$ 929;nd;$ 877;$ 914;$ 922;$ 929;$ 887;$ 967;$ 937;$ 905;$ 921;$ 884;$ 863;$ 807;$ 840;$ 841;$ 881;$ 775;$ 860;$ 899;$ 931;$ 875;$ 809;$ 888;nd;$ 877;$ 842;$ 752;$ 854;$ 906
2014;julio;$ 930;nd;$ 874;$ 928;$ 921;$ 932;$ 884;$ 966;$ 936;$ 913;$ 924;$ 892;$ 865;$ 811;$ 841;$ 855;$ 890;$ 786;$ 860;$ 897;$ 926;$ 879;$ 829;$ 891;nd;$ 875;$ 789;$ 855;$ 857;$ 909
2014;agosto;$ 931;nd;$ 878;$ 924;$ 923;$ 937;$ 888;$ 957;$ 934;$ 918;$ 926;$ 870;$ 847;$ 799;$ 853;$ 838;$ 891;$ 796;$ 860;$ 898;$ 928;$ 871;$ 813;$ 897;nd;$ 881;$ 787;$ 886;$ 854;$ 910
2014;septiembre;$ 934;nd;$ 882;$ 928;$ 926;$ 940;$ 894;$ 962;$ 934;$ 926;$ 930;$ 845;$ 853;$ 798;$ 875;$ 841;$ 899;$ 810;$ 860;$ 912;$ 936;$ 882;$ 821;$ 897;nd;$ 881;$ 796;$ 864;$ 867;$ 916
2014;octubre;$ 943;nd;$ 887;$ 924;$ 930;$ 943;$ 878;$ 981;$ 937;$ 931;$ 936;$ 837;$ 857;$ 794;$ 861;$ 833;$ 901;$ 830;nd;$ 917;$ 1.024;$ 881;$ 824;$ 894;nd;$ 880;$ 794;$ 796;$ 870;$ 921
2014;noviembre;$ 939;nd;$ 877;$ 934;$ 929;$ 938;$ 875;$ 972;$ 926;$ 928;$ 931;$ 820;$ 854;$ 797;$ 852;$ 837;$ 913;$ 824;nd;$ 925;$ 1.054;$ 879;$ 819;$ 893;nd;$ 875;$ 800;$ 816;$ 872;$ 918
2014;diciembre;$ 940;nd;$ 873;$ 930;$ 928;$ 934;$ 881;$ 972;$ 923;$ 915;$ 929;$ 800;$ 854;$ 806;$ 854;$ 862;$ 949;$ 817;nd;$ 931;$ 939;$ 873;$ 818;$ 895;nd;$ 883;$ 824;$ 814;$ 882;$ 919
2015;enero;$ 942;nd;$ 870;$ 924;$ 928;$ 936;$ 881;$ 981;$ 920;$ 917;$ 930;$ 840;$ 849;$ 806;$ 873;$ 843;$ 980;$ 818;nd;$ 934;$ 959;$ 876;$ 816;$ 888;nd;$ 881;$ 846;$ 795;$ 893;$ 923
2015;febrero;$ 933;nd;$ 872;$ 925;$ 932;$ 932;$ 892;$ 978;$ 917;$ 922;$ 927;$ 861;$ 839;$ 823;$ 843;$ 846;$ 970;$ 820;nd;$ 926;$ 947;$ 901;$ 819;$ 882;nd;$ 881;$ 823;$ 805;$ 883;$ 918
2015;marzo;$ 927;nd;$ 861;$ 938;$ 929;$ 926;$ 887;$ 963;$ 918;$ 924;$ 921;$ 800;$ 804;$ 819;$ 809;$ 834;$ 960;$ 807;nd;$ 910;$ 937;$ 904;$ 829;$ 886;nd;$ 884;$ 854;$ 785;$ 875;$ 912
2015;abril;$ 927;nd;$ 858;$ 930;$ 927;$ 925;$ 890;$ 968;$ 890;$ 930;$ 921;$ 825;$ 803;$ 816;$ 820;$ 845;$ 966;$ 803;nd;$ 905;$ 916;$ 897;$ 814;$ 905;nd;$ 888;$ 903;$ 765;$ 876;$ 913
2015;mayo;$ 917;nd;$ 862;$ 930;$ 922;$ 915;$ 890;$ 948;$ 883;$ 913;$ 912;$ 829;$ 814;$ 817;$ 816;$ 828;$ 957;$ 762;nd;$ 916;$ 948;$ 891;$ 813;$ 875;nd;$ 880;$ 866;$ 763;$ 871;$ 903
2015;junio;$ 913;nd;$ 855;$ 925;$ 920;$ 910;$ 874;$ 947;$ 881;$ 912;$ 907;$ 756;$ 884;$ 797;$ 814;$ 819;$ 922;$ 762;nd;$ 912;$ 943;$ 871;$ 809;$ 851;nd;$ 873;$ 805;$ 768;$ 857;$ 896
2015;julio;$ 921;nd;$ 856;$ 922;$ 929;$ 915;$ 869;$ 959;$ 876;$ 902;$ 913;$ 715;$ 847;$ 785;$ 823;$ 821;$ 920;$ 770;nd;$ 914;$ 958;$ 844;$ 821;$ 861;nd;$ 871;$ 841;$ 850;$ 857;$ 902
2015;agosto;$ 934;nd;$ 859;$ 919;$ 934;$ 921;$ 886;$ 962;$ 876;$ 910;$ 922;$ 733;$ 850;$ 806;$ 863;$ 798;$ 918;$ 771;nd;$ 921;$ 946;$ 845;$ 815;$ 889;nd;$ 875;$ 853;$ 741;$ 864;$ 910
2015;septiembre;$ 941;nd;$ 872;$ 923;$ 937;$ 934;$ 900;$ 968;$ 902;$ 925;$ 932;$ 742;$ 858;$ 794;$ 849;$ 816;$ 935;$ 797;nd;$ 926;$ 934;$ 857;$ 822;$ 867;nd;$ 873;$ 856;$ 777;$ 870;$ 918
2015;octubre;$ 950;nd;$ 886;$ 927;$ 937;$ 953;$ 909;$ 977;$ 927;$ 961;$ 946;$ 743;$ 868;$ 793;$ 878;$ 828;$ 945;$ 821;nd;$ 938;$ 930;$ 859;$ 821;$ 907;nd;$ 888;$ 795;$ 829;$ 881;$ 932
2015;noviembre;$ 959;nd;$ 902;$ 966;$ 943;$ 964;$ 904;$ 988;$ 935;$ 973;$ 956;$ 850;$ 855;$ 798;$ 888;$ 847;$ 937;$ 833;nd;$ 949;$ 977;$ 860;$ 833;$ 916;nd;$ 906;$ 837;$ 806;$ 887;$ 941
2015;diciembre;$ 969;nd;$ 903;$ 970;$ 958;$ 972;$ 913;$ 1.007;$ 937;$ 992;$ 965;$ 850;$ 862;$ 799;$ 899;$ 906;$ 953;$ 835;nd;$ 967;$ 977;$ 873;$ 836;$ 923;nd;$ 906;$ 834;$ 837;$ 896;$ 951
2016;enero;$ 1.013;nd;$ 914;$ 965;$ 970;$ 994;$ 916;$ 1.035;$ 939;$ 1.015;$ 995;$ 930;$ 954;$ 847;$ 920;$ 847;$ 1.001;$ 908;nd;$ 971;$ 1.073;$ 945;$ 845;$ 950;$ 858;$ 914;$ 895;$ 923;$ 935;$ 983
2016;febrero;$ 1.024;nd;$ 939;$ 979;$ 990;$ 1.017;$ 947;$ 1.053;$ 959;$ 1.042;$ 1.012;$ 934;$ 967;$ 853;$ 953;$ 862;$ 1.017;$ 918;nd;$ 928;$ 1.040;$ 966;$ 866;$ 1.045;$ 919;$ 949;$ 946;$ 951;$ 957;$ 1.002
2016;marzo;$ 1.038;nd;$ 955;$ 1.002;$ 1.011;$ 1.029;$ 973;$ 1.062;$ 984;$ 1.079;$ 1.027;$ 979;$ 962;$ 857;$ 970;$ 854;$ 947;$ 933;nd;$ 1.002;$ 1.068;$ 985;$ 888;$ 1.061;$ 921;$ 957;$ 915;$ 940;$ 955;$ 1.014
2016;abril;$ 1.042;nd;$ 964;$ 1.017;$ 1.020;$ 1.038;$ 972;$ 1.057;$ 986;$ 1.069;$ 1.033;$ 983;$ 922;$ 854;$ 1.023;$ 862;$ 1.044;$ 915;nd;$ 1.018;$ 1.090;$ 947;$ 903;$ 998;$ 935;$ 973;$ 947;$ 944;$ 984;$ 1.024
2016;mayo;$ 1.038;nd;$ 959;$ 1.025;$ 1.033;$ 1.029;$ 971;$ 1.065;$ 990;$ 1.047;$ 1.027;$ 994;$ 959;$ 861;$ 1.043;$ 839;$ 1.044;$ 948;nd;$ 1.039;$ 1.094;$ 972;$ 857;$ 1.026;$ 843;$ 978;$ 964;$ 839;$ 992;$ 1.021
2016;junio;$ 1.046;nd;$ 960;$ 1.016;$ 1.027;$ 1.034;$ 987;$ 1.080;$ 994;$ 1.028;$ 1.033;$ 1.010;$ 972;$ 855;$ 1.108;$ 866;$ 1.072;$ 930;nd;$ 1.054;$ 1.113;$ 977;$ 874;$ 1.041;$ 833;$ 994;$ 920;$ 904;$ 1.013;$ 1.029
2016;julio;$ 1.047;nd;$ 965;$ 1.029;$ 1.012;$ 1.033;$ 986;$ 1.079;$ 996;$ 1.024;$ 1.035;$ 1.014;$ 981;$ 839;$ 1.079;$ 877;$ 1.068;$ 935;nd;$ 1.034;$ 1.070;$ 979;$ 874;$ 1.036;$ 824;$ 998;$ 895;$ 894;$ 1.000;$ 1.028
2016;agosto;$ 1.051;nd;$ 969;$ 1.037;$ 1.023;$ 1.036;$ 996;$ 1.080;$ 981;$ 1.015;$ 1.037;$ 1.013;$ 985;$ 840;$ 1.052;$ 874;$ 1.076;$ 972;nd;$ 1.043;nd;$ 979;$ 874;$ 1.036;$ 830;$ 996;$ 860;$ 914;$ 1.006;$ 1.030
2016;septiembre;$ 1.059;nd;$ 973;$ 1.041;$ 1.033;$ 1.035;$ 996;$ 1.084;$ 992;$ 1.014;$ 1.041;$ 1.010;$ 997;$ 843;$ 991;$ 869;$ 1.074;$ 1.002;nd;$ 1.039;$ 1.140;$ 986;$ 867;$ 1.031;$ 819;$ 993;$ 858;$ 923;$ 1.001;$ 1.032
2016;octubre;$ 1.068;nd;$ 976;$ 1.043;$ 1.028;$ 1.041;$ 987;$ 1.096;$ 1.005;$ 1.017;$ 1.047;$ 1.013;$ 1.002;$ 833;$ 955;$ 866;$ 1.021;$ 989;nd;$ 1.034;$ 1.105;$ 984;$ 851;$ 1.035;$ 832;$ 981;$ 873;$ 923;$ 978;$ 1.032
2016;noviembre;$ 1.069;nd;$ 976;$ 1.031;$ 1.025;$ 1.032;$ 1.015;$ 1.097;$ 1.005;$ 1.020;$ 1.045;$ 1.011;$ 977;$ 896;$ 946;$ 932;$ 1.058;$ 1.001;nd;$ 1.051;$ 1.042;$ 981;$ 816;$ 1.011;$ 829;$ 981;$ 903;$ 915;$ 989;$ 1.033
2016;diciembre;$ 1.068;nd;$ 970;$ 1.038;$ 1.031;$ 1.017;$ 993;$ 1.098;$ 1.001;$ 1.016;$ 1.037;$ 1.002;$ 960;$ 927;$ 945;$ 931;$ 1.066;$ 998;nd;$ 1.035;$ 1.095;$ 981;$ 787;$ 1.025;$ 802;$ 974;$ 930;$ 899;$ 988;$ 1.028
2017;enero;$ 1.068;nd;$ 966;$ 1.036;$ 1.039;$ 1.016;$ 985;$ 1.098;$ 1.002;$ 1.011;$ 1.037;$ 1.004;$ 950;$ 936;$ 961;$ 899;$ 1.044;$ 1.011;nd;$ 1.049;$ 1.132;$ 991;$ 784;$ 1.025;$ 806;$ 990;$ 922;$ 929;$ 983;$ 1.027
2017;febrero;$ 1.063;nd;$ 966;$ 1.029;$ 1.046;$ 1.021;$ 996;$ 1.098;$ 1.003;$ 1.021;$ 1.038;$ 972;$ 905;$ 958;$ 984;$ 904;$ 1.060;$ 1.041;nd;$ 1.070;$ 1.175;$ 1.033;$ 782;$ 1.034;$ 806;$ 971;$ 1.018;$ 940;$ 995;$ 1.030
2017;marzo;$ 1.085;nd;$ 1.004;$ 1.051;$ 1.101;$ 1.059;$ 1.025;$ 1.122;$ 1.048;$ 1.061;$ 1.067;$ 954;$ 1.004;$ 921;$ 978;$ 889;$ 1.123;$ 1.029;nd;$ 1.083;$ 1.163;$ 1.038;$ 829;$ 1.044;$ 805;$ 981;$ 1.013;$ 947;$ 1.009;$ 1.058
2017;abril;$ 1.093;nd;$ 1.003;$ 1.040;$ 1.097;$ 1.063;$ 1.022;$ 1.135;$ 1.049;$ 1.057;$ 1.072;$ 962;$ 1.060;$ 944;$ 975;$ 917;$ 1.088;$ 1.002;nd;$ 1.075;$ 1.124;$ 1.040;$ 840;$ 1.045;$ 808;$ 985;$ 987;$ 1.021;$ 1.011;$ 1.061
2017;mayo;$ 1.091;nd;$ 993;$ 1.053;$ 1.088;$ 1.062;$ 1.007;$ 1.120;$ 1.049;$ 1.059;$ 1.069;$ 962;$ 1.022;$ 880;$ 944;$ 961;$ 1.083;$ 994;nd;$ 1.076;$ 1.170;$ 995;$ 889;$ 1.038;$ 808;$ 973;$ 932;$ 982;$ 994;$ 1.054
2017;junio;$ 1.085;nd;$ 987;$ 1.055;$ 1.090;$ 1.030;$ 1.010;$ 1.111;$ 1.042;$ 1.031;$ 1.057;$ 842;$ 1.018;$ 899;$ 916;$ 947;$ 1.035;$ 969;nd;$ 1.020;$ 1.076;$ 980;$ 875;$ 1.038;$ 820;$ 957;$ 928;$ 983;$ 973;$ 1.039
2017;julio;$ 1.088;nd;$ 986;$ 1.019;$ 1.093;$ 1.056;$ 1.036;$ 1.106;$ 1.034;$ 1.028;$ 1.065;$ 846;$ 1.010;$ 935;$ 919;$ 980;$ 1.026;$ 971;nd;$ 1.093;$ 1.084;$ 958;$ 853;$ 1.036;$ 823;$ 952;$ 877;$ 988;$ 971;$ 1.046
2017;agosto;$ 1.094;nd;$ 984;$ 1.043;$ 1.096;$ 1.061;$ 1.057;$ 1.107;$ 1.042;$ 1.027;$ 1.071;$ 851;$ 1.021;$ 945;$ 927;$ 1.007;$ 1.028;$ 981;nd;$ 1.060;$ 1.081;$ 984;$ 864;$ 1.081;$ 832;$ 950;$ 894;$ 990;$ 982;$ 1.052
2017;septiembre;$ 1.079;nd;$ 986;$ 1.045;$ 1.087;$ 1.052;$ 1.034;$ 1.102;$ 1.032;$ 1.038;$ 1.060;$ 874;$ 1.004;$ 955;$ 942;$ 1.018;$ 1.017;$ 988;nd;$ 1.059;$ 1.112;$ 987;$ 867;$ 1.048;$ 847;$ 948;$ 907;$ 987;$ 980;$ 1.044
2017;octubre;$ 1.083;nd;$ 990;$ 1.039;$ 1.081;$ 1.052;$ 1.023;$ 1.106;$ 1.037;$ 1.049;$ 1.062;$ 916;$ 1.012;$ 957;$ 942;$ 1.026;$ 1.014;$ 1.011;nd;$ 1.068;$ 1.056;$ 984;$ 867;$ 1.051;nd;$ 954;$ 923;$ 1.001;$ 981;$ 1.047
2017;noviembre;$ 1.098;nd;$ 988;$ 1.041;$ 1.077;$ 1.049;$ 1.027;$ 1.117;$ 1.039;$ 1.049;$ 1.067;$ 913;$ 1.019;$ 968;$ 947;$ 1.021;$ 1.045;$ 1.011;nd;$ 1.064;$ 1.044;$ 983;$ 869;$ 1.059;nd;$ 979;$ 930;$ 1.002;$ 995;$ 1.054
2017;diciembre;$ 1.099;nd;$ 985;$ 1.051;$ 1.084;$ 1.046;$ 1.017;$ 1.116;$ 1.037;$ 1.047;$ 1.066;$ 940;$ 1.020;$ 968;$ 955;$ 1.025;$ 1.007;$ 1.024;nd;$ 1.051;$ 1.015;$ 967;$ 870;$ 1.052;nd;$ 961;$ 941;$ 992;$ 981;$ 1.051
2018;enero;$ 1.090;nd;$ 990;$ 1.049;$ 1.069;$ 1.043;$ 1.026;$ 1.116;$ 1.068;$ 1.060;$ 1.061;$ 942;$ 1.018;$ 963;$ 957;$ 1.062;$ 1.026;$ 996;nd;$ 1.058;$ 1.025;$ 983;$ 860;$ 1.029;nd;$ 966;$ 994;$ 981;$ 983;$ 1.048
2018;febrero;$ 1.090;nd;$ 991;$ 1.046;$ 1.067;$ 1.037;$ 1.027;$ 1.122;$ 1.066;$ 1.026;$ 1.058;$ 938;$ 1.009;$ 957;$ 961;$ 1.033;$ 1.008;$ 1.022;nd;$ 1.059;$ 1.047;$ 986;$ 859;$ 1.033;nd;$ 975;$ 1.012;$ 1.018;$ 985;$ 1.046
2018;marzo;$ 1.109;nd;$ 1.000;$ 1.087;$ 1.134;$ 1.064;$ 1.046;$ 1.134;$ 1.081;$ 1.064;$ 1.081;$ 915;$ 1.002;$ 956;$ 981;$ 1.033;$ 1.012;$ 984;nd;$ 1.067;$ 1.020;$ 985;$ 913;$ 1.037;nd;$ 1.006;$ 965;$ 1.022;$ 994;$ 1.068
2018;abril;$ 1.109;nd;$ 1.007;$ 1.085;$ 1.094;$ 1.069;$ 1.055;$ 1.149;$ 1.127;$ 1.060;$ 1.084;$ 908;$ 1.011;$ 957;$ 987;$ 1.043;$ 1.049;$ 1.014;nd;$ 1.067;$ 1.062;$ 988;$ 923;$ 1.037;nd;$ 1.016;$ 958;$ 1.034;$ 1.010;$ 1.071
2018;mayo;$ 1.120;nd;$ 1.009;$ 1.084;$ 1.093;$ 1.070;$ 1.074;$ 1.161;$ 1.113;$ 1.057;$ 1.090;$ 924;$ 1.011;$ 955;$ 1.023;$ 1.046;$ 1.020;$ 987;nd;$ 1.078;$ 1.077;$ 982;$ 899;$ 1.037;nd;$ 1.021;$ 940;$ 1.045;$ 1.005;$ 1.075
2018;junio;$ 1.123;nd;$ 1.010;$ 1.080;$ 1.089;$ 1.067;$ 1.074;$ 1.153;$ 1.112;$ 1.050;$ 1.090;$ 890;$ 1.004;$ 950;$ 1.001;$ 1.047;$ 1.038;$ 967;nd;$ 1.064;$ 1.055;$ 977;$ 893;$ 1.023;nd;$ 1.021;$ 939;$ 1.035;$ 1.005;$ 1.074
2018;julio;$ 1.107;nd;$ 999;$ 1.078;$ 1.095;$ 1.061;$ 1.060;$ 1.142;$ 1.100;$ 1.006;$ 1.076;$ 877;$ 1.013;$ 962;$ 995;$ 1.090;$ 1.045;$ 987;nd;$ 1.082;$ 1.071;$ 985;$ 872;$ 1.016;nd;$ 992;$ 937;$ 1.021;$ 1.008;$ 1.064
2018;agosto;$ 1.130;nd;$ 1.004;$ 1.076;$ 1.073;$ 1.060;$ 1.055;$ 1.178;$ 1.106;$ 1.037;$ 1.089;$ 893;$ 1.017;$ 967;$ 989;$ 1.082;$ 1.039;$ 1.007;nd;$ 1.078;$ 1.132;$ 988;$ 884;$ 1.010;nd;$ 985;$ 940;$ 1.021;$ 1.009;$ 1.076
2018;septiembre;$ 1.133;nd;$ 1.016;$ 1.083;$ 1.072;$ 1.049;$ 1.080;$ 1.173;$ 1.106;$ 1.055;$ 1.090;$ 910;$ 1.018;$ 971;$ 1.056;$ 1.107;$ 1.049;$ 1.019;nd;$ 1.079;$ 1.070;$ 986;$ 894;$ 1.020;nd;$ 987;$ 958;$ 1.042;$ 1.020;$ 1.078
2018;octubre;$ 1.110;nd;$ 1.013;$ 1.089;$ 1.115;$ 1.064;$ 1.077;$ 1.139;$ 1.106;$ 1.113;$ 1.085;$ 932;$ 1.017;$ 958;$ 1.014;$ 1.087;$ 998;$ 1.016;nd;$ 1.084;$ 1.077;$ 986;$ 907;$ 1.009;nd;$ 994;$ 958;$ 1.055;$ 1.000;$ 1.072
2018;noviembre;$ 1.116;nd;$ 1.015;$ 1.091;$ 1.125;$ 1.056;$ 1.057;$ 1.146;$ 1.104;$ 1.047;$ 1.082;$ 939;$ 1.023;$ 956;$ 1.024;$ 1.067;$ 1.061;$ 1.024;nd;$ 1.096;$ 1.096;$ 989;$ 923;$ 1.017;nd;$ 1.008;$ 974;$ 1.033;$ 1.028;$ 1.073
2018;diciembre;$ 1.114;nd;$ 1.017;$ 1.101;$ 1.083;$ 1.060;$ 1.065;$ 1.146;$ 1.100;$ 1.046;$ 1.082;$ 929;$ 1.024;$ 957;$ 1.040;$ 1.120;$ 1.069;$ 1.033;nd;$ 1.090;$ 1.105;$ 992;$ 999;$ 1.023;nd;$ 1.041;$ 1.033;$ 1.042;$ 1.043;$ 1.076
2019;enero;$ 1.099;nd;$ 1.034;$ 1.121;$ 1.081;$ 1.058;$ 1.068;$ 1.142;$ 1.101;$ 1.089;$ 1.078;$ 921;$ 1.032;$ 1.033;$ 1.048;nd;$ 1.098;$ 1.065;nd;$ 1.104;$ 1.111;$ 1.002;$ 916;$ 1.013;nd;$ 1.010;$ 985;$ 1.043;$ 1.047;$ 1.073
2019;febrero;$ 1.076;nd;$ 1.035;$ 1.134;$ 1.083;$ 1.080;$ 1.074;$ 1.133;$ 1.102;$ 1.054;$ 1.076;$ 921;$ 1.044;$ 1.047;$ 1.018;nd;$ 1.139;$ 1.097;nd;$ 1.090;$ 1.103;$ 1.011;$ 925;$ 1.027;nd;$ 1.014;$ 1.084;$ 1.086;$ 1.048;$ 1.071
2019;marzo;$ 1.149;nd;$ 1.077;$ 1.228;$ 1.138;$ 1.127;$ 1.125;$ 1.165;$ 1.103;$ 1.142;$ 1.136;$ 941;$ 1.051;$ 1.044;$ 1.026;nd;$ 1.225;$ 1.178;nd;$ 1.090;$ 1.108;$ 1.039;$ 1.014;$ 1.042;nd;$ 1.045;$ 1.141;$ 1.208;$ 1.085;$ 1.128
2019;abril;$ 1.165;nd;$ 1.093;$ 1.240;$ 1.161;$ 1.143;$ 1.125;$ 1.178;$ 1.102;$ 1.118;$ 1.151;$ 991;$ 1.061;$ 1.040;$ 1.029;nd;$ 1.140;$ 1.180;nd;$ 1.084;$ 1.077;$ 1.041;$ 1.006;$ 1.075;nd;$ 1.049;$ 1.178;$ 1.025;$ 1.072;$ 1.139
2019;mayo;$ 1.166;nd;$ 1.107;$ 1.291;$ 1.204;$ 1.171;$ 1.112;$ 1.182;$ 1.159;$ 1.164;$ 1.163;$ 1.025;$ 1.051;$ 1.039;$ 1.088;nd;$ 1.168;$ 1.183;nd;$ 1.165;$ 1.106;$ 1.048;$ 1.019;$ 1.039;nd;$ 1.077;$ 1.029;$ 1.220;$ 1.104;$ 1.153
2019;junio;$ 1.177;nd;$ 1.117;$ 1.126;$ 1.234;$ 1.190;$ 1.148;$ 1.183;$ 1.164;$ 1.145;$ 1.173;$ 1.028;$ 1.048;$ 984;$ 1.077;nd;$ 1.206;$ 1.199;nd;$ 1.132;$ 1.111;$ 1.048;$ 1.004;$ 1.042;nd;$ 1.057;$ 965;$ 1.197;$ 1.106;$ 1.162
2019;julio;$ 1.168;nd;$ 1.126;$ 1.153;$ 1.235;$ 1.191;$ 1.148;$ 1.186;$ 1.166;$ 1.156;$ 1.172;$ 1.028;$ 1.084;$ 999;$ 1.086;nd;$ 1.225;$ 1.213;nd;$ 1.156;$ 1.112;$ 1.049;$ 1.021;$ 1.069;nd;$ 1.083;$ 989;$ 1.181;$ 1.126;$ 1.163
2019;agosto;$ 1.162;nd;$ 1.135;$ 1.148;$ 1.230;$ 1.192;$ 1.130;$ 1.190;$ 1.167;$ 1.165;$ 1.169;$ 1.066;$ 1.053;$ 997;$ 1.102;nd;$ 1.206;$ 1.208;nd;$ 1.147;$ 1.150;$ 1.049;$ 1.032;$ 1.030;nd;$ 1.104;$ 974;$ 1.161;$ 1.125;$ 1.161
2019;septiembre;$ 1.192;nd;$ 1.141;$ 1.171;$ 1.223;$ 1.196;$ 1.132;$ 1.191;$ 1.171;$ 1.173;$ 1.185;$ 1.026;$ 1.156;$ 1.029;$ 1.100;nd;$ 1.207;$ 1.219;nd;$ 1.146;$ 1.123;$ 1.075;$ 992;$ 1.049;nd;$ 1.087;$ 982;$ 1.199;$ 1.133;$ 1.175
2019;octubre;$ 1.193;nd;$ 1.149;$ 1.179;$ 1.289;$ 1.222;$ 1.132;$ 1.196;$ 1.177;$ 1.165;$ 1.196;$ 1.007;$ 1.242;$ 1.061;$ 1.091;nd;$ 1.201;$ 1.267;nd;$ 1.152;$ 1.123;$ 1.100;$ 1.005;$ 1.056;$ 1.034;$ 1.102;$ 996;$ 1.226;$ 1.146;$ 1.187
2019;noviembre;$ 1.198;nd;$ 1.165;$ 1.217;$ 1.270;$ 1.221;$ 1.136;$ 1.211;$ 1.188;$ 1.192;$ 1.202;$ 1.018;$ 1.213;$ 1.061;$ 1.094;nd;$ 1.210;$ 1.235;nd;$ 1.161;$ 1.146;$ 1.115;$ 1.002;$ 1.044;$ 1.075;$ 1.127;$ 1.050;$ 1.250;$ 1.149;$ 1.194
2019;diciembre;$ 1.184;nd;$ 1.168;$ 1.184;$ 1.235;$ 1.205;$ 1.143;$ 1.213;$ 1.267;$ 1.196;$ 1.189;$ 1.031;$ 1.091;$ 1.046;$ 1.095;nd;$ 1.214;$ 1.306;nd;$ 1.173;$ 1.176;$ 1.120;$ 1.061;$ 1.097;$ 1.091;$ 1.158;$ 1.063;$ 1.258;$ 1.155;$ 1.184
2020;enero;$ 1.179;nd;$ 1.185;$ 1.190;$ 1.220;$ 1.205;$ 1.132;$ 1.190;$ 1.275;$ 1.197;$ 1.188;$ 1.031;$ 1.268;$ 1.178;$ 1.100;nd;$ 1.261;$ 1.276;nd;$ 1.177;$ 1.176;$ 1.226;$ 1.067;$ 1.105;$ 1.102;$ 1.145;$ 1.073;$ 1.274;$ 1.184;$ 1.187
2020;febrero;$ 1.185;nd;$ 1.209;$ 1.175;$ 1.240;$ 1.226;$ 1.147;$ 1.227;$ 1.233;$ 1.229;$ 1.201;$ 1.030;$ 1.290;$ 1.194;$ 1.116;nd;$ 1.360;$ 1.383;nd;$ 1.179;$ 1.179;$ 1.256;$ 1.114;$ 1.125;$ 1.128;$ 1.176;$ 1.082;$ 1.254;$ 1.226;$ 1.205
2020;marzo;$ 1.254;nd;$ 1.238;$ 1.250;$ 1.243;$ 1.250;$ 1.190;$ 1.251;$ 1.253;$ 1.233;$ 1.248;$ 1.032;$ 1.349;$ 1.215;$ 1.108;nd;$ 1.375;$ 1.381;nd;$ 1.184;$ 1.242;$ 1.283;$ 1.141;$ 1.122;$ 1.143;$ 1.193;$ 1.120;$ 1.170;$ 1.237;$ 1.246
2020;abril;$ 1.261;nd;$ 1.246;$ 1.245;$ 1.274;$ 1.266;$ 1.196;$ 1.290;$ 1.237;$ 1.259;$ 1.258;$ 1.012;$ 1.400;$ 1.259;$ 1.078;nd;$ 1.387;$ 1.302;nd;$ 1.193;$ 1.241;$ 1.316;$ 1.132;$ 1.157;$ 1.140;$ 1.187;$ 1.125;$ 1.088;$ 1.223;$ 1.254
2020;mayo;$ 1.284;nd;$ 1.255;$ 1.260;$ 1.300;$ 1.279;$ 1.210;$ 1.284;$ 1.285;$ 1.273;$ 1.275;$ 996;$ 1.344;$ 1.220;$ 1.106;$ 1.280;$ 1.331;$ 1.300;nd;$ 1.210;$ 1.242;$ 1.273;$ 1.100;$ 1.160;$ 1.145;$ 1.186;$ 1.059;$ 1.110;$ 1.218;$ 1.267
2020;junio;$ 1.272;nd;$ 1.238;$ 1.242;$ 1.261;$ 1.262;$ 1.204;$ 1.288;$ 1.284;$ 1.261;$ 1.261;$ 989;$ 1.309;$ 1.201;$ 1.121;$ 1.280;$ 1.323;$ 1.315;nd;$ 1.223;$ 1.239;$ 1.232;$ 1.127;$ 1.157;$ 1.140;$ 1.200;$ 1.041;$ 1.129;$ 1.225;$ 1.256
2020;julio;$ 1.262;nd;$ 1.208;$ 1.261;$ 1.218;$ 1.236;$ 1.197;$ 1.290;$ 1.283;$ 1.246;$ 1.245;$ 983;$ 1.266;$ 1.160;$ 1.103;$ 1.240;$ 1.295;$ 1.206;nd;$ 1.232;$ 1.241;$ 1.219;$ 1.105;$ 1.155;$ 1.126;$ 1.189;$ 1.050;$ 1.200;$ 1.203;$ 1.238
2020;agosto;$ 1.242;nd;$ 1.210;$ 1.250;$ 1.226;$ 1.236;$ 1.191;$ 1.290;$ 1.275;$ 1.244;$ 1.236;$ 993;$ 1.221;$ 1.115;$ 1.096;$ 1.200;$ 1.201;$ 1.235;nd;$ 1.234;$ 1.240;$ 1.190;$ 1.112;$ 1.187;$ 1.124;$ 1.156;$ 998;$ 1.181;$ 1.166;$ 1.224
2020;septiembre;$ 1.241;nd;$ 1.196;$ 1.248;$ 1.203;$ 1.227;$ 1.190;$ 1.291;$ 1.277;$ 1.239;$ 1.231;$ 983;$ 1.195;$ 1.078;$ 1.082;$ 1.177;$ 1.247;$ 1.259;nd;$ 1.224;$ 1.238;$ 1.131;$ 1.109;$ 1.189;$ 1.124;$ 1.164;$ 999;$ 1.180;$ 1.170;$ 1.221
2020;octubre;$ 1.246;nd;$ 1.178;$ 1.253;$ 1.198;$ 1.224;$ 1.190;$ 1.294;$ 1.286;$ 1.233;$ 1.231;$ 986;$ 1.187;$ 1.084;$ 1.096;$ 1.100;$ 1.205;$ 1.244;nd;$ 1.214;$ 1.247;$ 1.145;$ 1.123;$ 1.193;$ 1.096;$ 1.160;$ 1.048;$ 1.184;$ 1.162;$ 1.220
2020;noviembre;$ 1.250;nd;$ 1.176;$ 1.272;$ 1.198;$ 1.216;$ 1.187;$ 1.295;$ 1.284;$ 1.244;$ 1.230;$ 983;$ 1.179;$ 1.089;$ 1.116;nd;$ 1.243;$ 1.242;nd;$ 1.212;$ 1.256;$ 1.143;$ 1.123;$ 1.201;$ 1.091;$ 1.172;$ 1.062;$ 1.179;$ 1.175;$ 1.222
2020;diciembre;$ 1.255;nd;$ 1.165;$ 1.264;$ 1.192;$ 1.212;$ 1.192;$ 1.295;$ 1.281;$ 1.233;$ 1.229;$ 983;$ 1.211;$ 1.126;$ 1.123;nd;$ 1.252;$ 1.242;nd;$ 1.211;$ 1.269;$ 1.183;$ 1.107;$ 1.180;$ 1.093;$ 1.177;$ 1.136;$ 1.181;$ 1.185;$ 1.222
2021;enero;$ 1.245;nd;$ 1.168;$ 1.263;$ 1.194;$ 1.213;$ 1.189;$ 1.291;$ 1.276;$ 1.236;$ 1.225;$ 1.072;$ 1.257;$ 1.166;$ 1.121;nd;$ 1.235;$ 1.263;nd;$ 1.213;$ 1.265;$ 1.203;$ 1.112;$ 1.180;$ 1.093;$ 1.177;$ 1.081;$ 1.193;$ 1.188;$ 1.220
2021;febrero;$ 1.237;nd;$ 1.169;$ 1.252;$ 1.195;$ 1.216;$ 1.198;$ 1.284;$ 1.280;$ 1.221;$ 1.223;$ 1.076;$ 1.279;$ 1.210;$ 1.117;nd;$ 1.286;$ 1.312;nd;$ 1.218;$ 1.255;$ 1.247;$ 1.101;$ 1.195;$ 1.091;$ 1.175;$ 1.078;$ 1.205;$ 1.222;$ 1.223
2021;marzo;$ 1.272;nd;$ 1.197;$ 1.280;$ 1.217;$ 1.236;$ 1.222;$ 1.319;$ 1.294;$ 1.254;$ 1.251;$ 1.102;$ 1.257;$ 1.222;$ 1.119;$ 1.211;$ 1.285;$ 1.316;nd;$ 1.233;$ 1.272;$ 1.290;$ 1.126;$ 1.185;$ 1.095;$ 1.204;$ 1.122;$ 1.225;$ 1.212;$ 1.245
2021;abril;$ 1.306;nd;$ 1.192;$ 1.270;$ 1.236;$ 1.250;$ 1.223;$ 1.361;$ 1.309;$ 1.248;$ 1.272;$ 1.032;$ 1.299;$ 1.226;$ 1.117;$ 1.211;$ 1.280;$ 1.332;nd;$ 1.233;$ 1.261;$ 1.296;$ 1.132;$ 1.214;$ 1.102;$ 1.208;$ 1.115;$ 1.219;$ 1.219;$ 1.263
2021;mayo;$ 1.279;nd;$ 1.191;$ 1.268;$ 1.206;$ 1.247;$ 1.173;$ 1.334;$ 1.285;$ 1.259;$ 1.259;$ 1.032;$ 1.283;$ 1.218;$ 1.089;$ 1.215;$ 1.303;$ 1.267;nd;$ 1.252;$ 1.254;$ 1.241;$ 1.095;$ 1.032;nd;$ 1.136;$ 1.039;$ 1.263;$ 1.215;$ 1.252
2021;junio;$ 1.290;nd;$ 1.204;$ 1.281;$ 1.329;$ 1.264;$ 1.219;$ 1.327;$ 1.294;$ 1.265;$ 1.270;$ 1.044;$ 1.224;$ 1.138;$ 1.184;$ 1.213;$ 1.260;$ 1.241;nd;$ 1.268;$ 1.252;$ 1.175;$ 1.097;$ 1.186;$ 1.231;$ 1.186;$ 1.098;$ 1.254;$ 1.202;$ 1.257
2021;julio;$ 1.303;nd;$ 1.237;$ 1.315;$ 1.290;$ 1.285;$ 1.272;$ 1.325;$ 1.308;$ 1.297;$ 1.290;$ 1.044;$ 1.252;$ 1.149;$ 1.134;$ 1.210;$ 1.265;$ 1.242;$ 800;$ 1.273;$ 1.239;$ 1.179;$ 1.148;$ 1.207;$ 1.282;$ 1.207;$ 1.102;$ 1.257;$ 1.210;$ 1.275
2021;agosto;$ 1.324;nd;$ 1.244;$ 1.303;$ 1.299;$ 1.313;$ 1.299;$ 1.349;$ 1.327;$ 1.343;$ 1.310;$ 1.042;$ 1.244;$ 1.128;$ 1.172;$ 1.209;$ 1.267;$ 1.307;$ 800;$ 1.302;$ 1.246;$ 1.158;$ 1.176;$ 1.189;$ 1.246;$ 1.196;$ 1.100;$ 1.260;$ 1.217;$ 1.294
2021;septiembre;$ 1.356;nd;$ 1.344;$ 1.330;$ 1.353;$ 1.374;$ 1.327;$ 1.352;$ 1.363;$ 1.395;$ 1.360;$ 1.150;$ 1.242;$ 1.146;$ 1.272;$ 1.239;$ 1.289;$ 1.326;$ 1.275;$ 1.306;$ 1.228;$ 1.167;$ 1.211;$ 1.215;$ 1.398;$ 1.246;$ 1.145;$ 1.297;$ 1.253;$ 1.342
2021;octubre;$ 1.415;nd;$ 1.426;$ 1.418;$ 1.418;$ 1.464;$ 1.400;$ 1.428;$ 1.438;$ 1.427;$ 1.433;$ 1.350;$ 1.312;$ 1.247;$ 1.427;$ 1.309;$ 1.356;$ 1.402;$ 1.163;$ 1.321;$ 1.340;$ 1.249;$ 1.295;$ 1.292;$ 1.361;$ 1.339;$ 1.562;$ 1.356;$ 1.342;$ 1.419
2021;noviembre;$ 1.564;nd;$ 1.444;$ 1.502;$ 1.454;$ 1.513;$ 1.417;$ 1.562;$ 1.538;$ 1.478;$ 1.520;$ 1.347;$ 1.437;$ 1.342;$ 1.501;$ 1.233;$ 1.413;$ 1.457;$ 913;$ 1.350;$ 1.378;$ 1.331;$ 1.312;$ 1.246;$ 1.367;$ 1.377;$ 1.275;$ 1.366;$ 1.405;$ 1.500
2021;diciembre;$ 1.699;nd;$ 1.510;$ 1.572;$ 1.536;$ 1.599;$ 1.472;$ 1.660;$ 1.623;$ 1.597;$ 1.625;$ 1.395;$ 1.468;$ 1.389;$ 1.550;$ 1.263;$ 1.511;$ 1.596;$ 1.085;$ 1.421;$ 1.414;$ 1.362;$ 1.399;$ 1.418;$ 1.386;$ 1.427;$ 1.504;$ 1.465;$ 1.478;$ 1.600
2022;enero;$ 1.788;nd;$ 1.578;$ 1.623;$ 1.534;$ 1.667;$ 1.525;$ 1.737;$ 1.684;$ 1.661;$ 1.703;$ 1.568;$ 1.642;$ 1.513;$ 1.575;$ 1.212;$ 1.578;$ 1.681;$ 1.500;$ 1.496;$ 1.527;$ 1.511;$ 1.467;$ 1.428;$ 1.406;$ 1.498;$ 1.449;$ 1.520;$ 1.551;$ 1.678
2022;febrero;$ 1.887;nd;$ 1.661;$ 1.708;$ 1.585;$ 1.754;$ 1.543;$ 1.819;$ 1.733;$ 1.707;$ 1.788;$ 1.585;$ 1.783;$ 1.526;$ 1.617;$ 1.212;$ 1.651;$ 1.739;$ 1.090;$ 1.585;$ 1.549;$ 1.508;$ 1.550;$ 1.484;$ 1.440;$ 1.580;$ 1.384;$ 1.575;$ 1.608;$ 1.758
2022;marzo;$ 1.973;nd;$ 1.802;$ 1.874;$ 1.731;$ 1.886;$ 1.634;$ 1.905;$ 1.838;$ 1.856;$ 1.900;$ 1.640;$ 1.960;$ 1.549;$ 1.617;$ 1.190;$ 1.735;$ 1.802;$ 1.193;$ 1.651;$ 1.681;$ 1.538;$ 1.605;$ 1.597;$ 1.593;$ 1.694;$ 1.584;$ 1.666;$ 1.676;$ 1.862
2022;abril;$ 2.019;nd;$ 1.886;$ 1.899;$ 1.766;$ 2.014;$ 1.651;$ 1.979;$ 2.043;$ 1.899;$ 1.977;$ 1.622;$ 2.069;$ 1.548;$ 1.620;$ 1.302;$ 1.807;$ 1.872;$ 1.024;$ 1.723;$ 1.734;$ 1.543;$ 1.646;$ 1.643;$ 1.758;$ 1.760;$ 1.567;$ 1.742;$ 1.720;$ 1.931
2022;mayo;$ 2.064;nd;$ 1.882;$ 1.933;$ 1.770;$ 2.036;$ 1.661;$ 2.029;$ 1.998;$ 1.910;$ 2.005;$ 1.624;$ 1.996;$ 1.564;$ 1.617;$ 1.281;$ 1.831;$ 1.844;$ 1.100;$ 1.838;$ 1.739;$ 1.572;$ 1.686;$ 1.742;$ 1.754;$ 1.772;$ 1.509;$ 1.779;$ 1.724;$ 1.948
2022;junio;$ 2.039;nd;$ 1.846;$ 1.939;$ 1.735;$ 2.027;$ 1.655;$ 2.041;$ 2.008;$ 1.916;$ 1.986;$ 1.583;$ 1.902;$ 1.552;$ 1.629;$ 1.279;$ 1.832;$ 1.812;$ 1.100;$ 1.915;$ 1.733;$ 1.579;$ 1.659;$ 1.725;$ 1.695;$ 1.786;$ 1.478;$ 1.782;$ 1.733;$ 1.935
2022;julio;$ 2.026;nd;$ 1.815;$ 1.919;$ 1.737;$ 1.965;$ 1.652;$ 2.046;$ 2.031;$ 1.928;$ 1.956;$ 1.601;$ 1.756;$ 1.537;$ 1.634;$ 1.382;$ 1.866;$ 1.789;$ 1.100;$ 1.889;$ 1.721;$ 1.539;$ 1.656;$ 1.682;$ 1.694;$ 1.796;$ 1.710;$ 1.774;$ 1.730;$ 1.912
2022;agosto;$ 2.052;nd;$ 1.843;$ 1.963;$ 1.750;$ 2.001;$ 1.691;$ 2.053;$ 2.038;$ 1.954;$ 1.987;$ 1.626;$ 1.916;$ 1.701;$ 1.731;$ 1.331;$ 1.854;$ 1.841;$ 1.200;$ 1.474;$ 1.827;$ 1.608;$ 1.696;$ 1.704;$ 1.762;$ 1.833;$ 1.771;$ 1.800;$ 1.772;$ 1.944
2022;septiembre;$ 2.077;nd;$ 1.890;$ 2.006;$ 1.856;$ 2.039;$ 1.770;$ 2.079;$ 2.046;$ 1.991;$ 2.022;$ 1.675;$ 1.999;$ 1.718;$ 1.780;$ 1.317;$ 1.894;$ 1.927;$ 1.300;$ 1.851;$ 1.886;$ 1.669;$ 1.695;$ 1.773;$ 1.804;$ 1.822;$ 1.811;$ 1.830;$ 1.822;$ 1.985
2022;octubre;$ 2.191;nd;$ 1.954;$ 2.029;$ 1.848;$ 2.106;$ 1.870;$ 2.168;$ 2.104;$ 2.035;$ 2.109;$ 1.733;$ 2.050;$ 1.737;$ 1.946;$ 1.501;$ 1.965;$ 2.045;$ 1.300;$ 1.893;$ 1.905;$ 1.711;$ 1.693;$ 1.896;$ 1.853;$ 1.882;$ 1.895;$ 1.951;$ 1.906;$ 2.073
2022;noviembre;$ 2.280;nd;$ 2.011;$ 2.076;$ 1.902;$ 2.166;$ 1.901;$ 2.235;$ 2.041;$ 2.090;$ 2.177;$ 1.891;$ 2.132;$ 1.783;$ 1.951;$ 1.528;$ 2.051;$ 2.182;$ 1.400;$ 1.946;$ 2.025;$ 1.778;$ 1.778;$ 1.846;$ 1.932;$ 1.915;$ 1.979;$ 1.868;$ 1.960;$ 2.141
2022;diciembre;$ 2.386;nd;$ 2.042;$ 2.142;$ 1.937;$ 2.208;$ 1.997;$ 2.350;$ 2.237;$ 2.310;$ 2.252;$ 2.035;$ 2.259;$ 1.850;$ 2.070;$ 1.508;$ 2.166;$ 2.273;$ 1.600;$ 2.007;$ 2.067;$ 1.866;$ 1.858;$ 1.960;$ 1.962;$ 1.995;$ 2.139;$ 1.953;$ 2.063;$ 2.218
2023;enero;$ 2.397;nd;$ 2.130;$ 2.201;$ 2.036;$ 2.280;$ 1.840;$ 2.395;$ 2.286;$ 2.413;$ 2.297;$ 2.040;$ 2.083;$ 2.036;$ 2.074;$ 1.775;$ 2.270;$ 2.445;$ 1.600;$ 1.894;$ 2.326;$ 1.984;$ 1.930;$ 1.706;$ 1.990;$ 2.053;$ 2.211;$ 2.119;$ 2.123;$ 2.268
2023;febrero;$ 2.458;nd;$ 2.185;$ 2.287;$ 2.167;$ 2.353;$ 1.901;$ 2.468;$ 2.399;$ 2.412;$ 2.361;$ 2.061;$ 2.240;$ 2.192;$ 2.030;$ 1.706;$ 2.359;$ 2.455;$ 1.700;$ 1.994;$ 2.337;$ 2.108;$ 2.061;$ 2.166;$ 1.951;$ 1.987;$ 2.186;$ 2.142;$ 2.140;$ 2.323
2023;marzo;$ 2.482;nd;$ 2.227;$ 2.325;$ 2.107;$ 2.390;$ 1.959;$ 2.526;$ 2.465;$ 2.545;$ 2.392;$ 2.025;$ 2.477;$ 2.191;$ 1.871;$ 1.770;$ 2.418;$ 2.414;$ 1.700;$ 2.161;$ 2.355;$ 2.204;$ 2.098;$ 2.166;$ 1.983;$ 2.283;$ 2.187;$ 2.217;$ 2.163;$ 2.352
2023;abril;$ 2.465;nd;$ 2.256;$ 2.091;$ 2.052;$ 2.413;$ 1.951;$ 2.224;$ 2.289;$ 2.482;$ 2.384;$ 2.001;$ 2.338;$ 2.265;$ 1.786;$ 1.818;$ 2.371;$ 2.272;$ 1.700;$ 2.154;$ 2.380;$ 2.211;$ 2.149;$ 1.902;$ 1.800;$ 2.339;$ 2.241;$ 2.212;$ 2.133;$ 2.340
2023;mayo;$ 2.444;$ 2.430;$ 2.209;$ 2.312;$ 2.262;$ 2.291;$ 1.932;$ 2.482;$ 2.465;$ 2.203;$ 2.334;$ 1.912;$ 2.419;$ 2.360;$ 1.863;$ 1.893;$ 2.395;$ 2.238;nd;$ 2.190;$ 2.432;$ 2.208;$ 2.195;$ 1.778;$ 1.817;$ 2.123;$ 2.275;$ 2.004;$ 2.089;$ 2.296
2023;junio;$ 2.408;$ 2.408;$ 2.180;$ 2.352;$ 2.253;$ 2.321;$ 1.935;$ 2.421;$ 2.438;$ 2.494;$ 2.322;$ 1.642;$ 2.355;$ 2.161;$ 1.725;$ 1.846;$ 2.285;$ 2.190;$ 2.239;$ 2.230;$ 2.398;$ 2.179;$ 2.046;$ 2.169;$ 1.916;$ 2.225;$ 1.971;$ 2.129;$ 2.093;$ 2.272
2023;julio;$ 2.367;$ 2.258;$ 2.176;$ 2.282;$ 2.170;$ 2.326;$ 1.841;$ 2.397;$ 2.384;$ 2.416;$ 2.303;$ 1.718;$ 2.230;$ 2.085;$ 1.737;$ 1.716;$ 2.238;$ 2.086;$ 1.400;$ 2.215;$ 2.275;$ 2.005;$ 2.072;$ 2.034;nd;$ 2.272;$ 1.937;$ 2.281;$ 2.077;$ 2.257
2023;agosto;$ 2.298;$ 2.331;$ 2.160;$ 2.221;$ 2.114;$ 2.264;$ 1.823;$ 2.345;$ 2.309;$ 2.348;$ 2.253;$ 1.775;$ 2.205;$ 2.011;$ 1.763;$ 1.715;$ 2.184;$ 1.931;$ 1.400;$ 2.182;$ 2.241;$ 2.087;$ 2.103;$ 2.101;nd;$ 2.244;$ 1.886;$ 2.246;$ 2.089;$ 2.226
2023;septiembre;$ 2.126;$ 2.232;$ 2.073;$ 2.123;$ 2.055;$ 2.195;$ 1.845;$ 2.255;$ 2.240;$ 2.283;$ 2.127;$ 1.716;$ 2.131;$ 1.713;$ 1.742;$ 2.235;$ 2.074;$ 1.951;$ 1.400;$ 1.886;$ 2.068;$ 1.867;$ 2.014;$ 1.899;$ 1.534;$ 1.987;$ 1.925;$ 1.998;$ 1.914;$ 2.092
2023;octubre;$ 2.203;$ 2.323;$ 2.103;$ 2.172;$ 2.058;$ 2.200;$ 1.850;$ 2.377;$ 2.314;$ 2.346;$ 2.178;$ 1.758;$ 2.197;$ 1.865;$ 1.767;$ 1.983;$ 2.055;$ 2.060;$ 1.431;$ 2.332;$ 2.190;$ 1.985;$ 1.920;$ 2.016;$ 1.811;$ 2.015;$ 2.046;$ 2.090;$ 1.969;$ 2.140
2023;noviembre;$ 2.177;$ 2.230;$ 2.198;$ 2.174;$ 2.192;$ 2.175;$ 1.822;$ 2.255;$ 2.279;$ 2.279;$ 2.159;$ 1.907;$ 1.988;$ 1.765;$ 1.775;$ 1.939;$ 1.964;$ 2.011;$ 1.461;$ 2.279;$ 2.171;$ 1.880;$ 1.875;$ 1.977;$ 1.745;$ 1.766;$ 2.093;$ 2.207;$ 1.892;$ 2.114
2023;diciembre;$ 2.174;$ 2.211;$ 2.050;$ 2.144;$ 2.144;$ 2.147;$ 1.791;$ 2.267;$ 2.251;$ 2.284;$ 2.139;$ 1.864;$ 1.928;$ 1.758;$ 1.811;$ 1.817;$ 1.942;$ 2.036;$ 1.400;$ 2.269;$ 2.109;$ 1.896;$ 1.900;$ 1.945;$ 1.736;$ 1.922;$ 2.076;$ 2.178;$ 1.919;$ 2.099
2024;enero;$ 2.159;$ 2.203;$ 2.029;$ 2.142;$ 2.061;$ 2.142;$ 1.823;$ 2.359;$ 2.248;$ 2.270;$ 2.125;$ 1.780;$ 2.027;$ 1.802;$ 1.808;$ 1.818;$ 1.946;$ 2.052;$ 1.411;$ 2.268;$ 2.111;$ 1.929;$ 1.898;$ 1.779;$ 1.702;$ 1.701;$ 2.002;$ 2.160;$ 1.878;$ 2.082
2024;febrero;$ 2.150;$ 2.142;$ 1.963;$ 2.119;$ 1.971;$ 2.080;$ 1.871;$ 2.282;$ 2.213;$ 2.189;$ 2.092;$ 1.731;$ 2.102;$ 1.971;$ 1.776;$ 1.875;$ 1.957;$ 1.969;$ 1.394;$ 2.086;$ 2.088;$ 1.923;$ 1.887;$ 1.980;$ 1.774;$ 1.744;$ 2.094;$ 2.136;$ 1.868;$ 2.052
2024;marzo;$ 2.123;$ 2.132;$ 2.006;$ 2.094;$ 1.922;$ 2.110;$ 1.809;$ 2.182;$ 2.203;$ 2.229;$ 2.092;$ 1.676;$ 2.072;$ 1.777;$ 1.699;$ 1.845;$ 1.909;$ 1.970;$ 1.420;$ 2.022;$ 2.075;$ 1.899;$ 1.846;$ 2.019;$ 1.746;$ 1.677;$ 2.131;$ 2.125;$ 1.815;$ 2.042
2024;abril;$ 2.084;$ 1.968;$ 2.002;$ 2.094;$ 1.873;$ 2.095;$ 1.815;$ 2.157;$ 2.155;$ 2.209;$ 2.067;$ 1.753;$ 1.896;$ 1.728;$ 1.706;$ 1.855;$ 1.889;$ 1.968;$ 1.447;$ 2.003;$ 1.997;$ 1.870;$ 1.814;$ 2.014;$ 1.730;$ 1.660;$ 2.009;$ 2.090;$ 1.800;$ 2.017
2024;mayo;$ 2.024;$ 2.045;$ 1.969;$ 2.039;$ 1.850;$ 2.074;$ 1.824;$ 2.170;$ 2.007;$ 2.125;$ 2.027;$ 1.768;$ 1.919;$ 1.728;$ 1.732;$ 1.817;$ 1.821;$ 1.911;$ 1.468;$ 1.998;$ 1.923;$ 1.825;$ 1.808;$ 1.965;$ 1.698;$ 1.644;$ 1.956;$ 2.039;$ 1.793;$ 1.986
2024;junio;$ 1.998;$ 1.999;$ 1.902;$ 1.998;$ 1.857;$ 2.015;$ 1.830;$ 2.148;$ 1.986;$ 2.115;$ 1.988;$ 1.705;$ 1.850;$ 1.710;$ 1.721;$ 1.792;$ 1.831;$ 1.802;$ 1.429;$ 2.003;$ 1.896;$ 1.708;$ 1.758;$ 1.965;$ 1.665;$ 1.668;$ 1.833;$ 1.972;$ 1.774;$ 1.950
2024;julio;$ 1.988;$ 1.978;$ 1.855;$ 1.974;$ 1.833;$ 1.959;$ 1.826;$ 2.123;$ 1.982;$ 2.075;$ 1.960;$ 1.807;$ 1.726;$ 1.664;$ 1.724;$ 1.741;$ 1.746;$ 1.750;$ 1.436;$ 1.978;$ 1.841;$ 1.638;$ 1.746;$ 1.947;$ 1.664;$ 1.652;$ 1.913;$ 1.957;$ 1.745;$ 1.924
2024;agosto;$ 1.980;$ 1.970;$ 1.820;$ 1.956;$ 1.834;$ 1.933;$ 1.821;$ 2.096;$ 1.959;$ 1.994;$ 1.942;$ 1.789;$ 1.739;$ 1.675;$ 1.717;$ 1.745;$ 1.764;$ 1.764;$ 1.469;$ 1.925;$ 1.813;$ 1.616;$ 1.681;$ 1.948;$ 1.582;$ 1.634;$ 1.738;$ 1.908;$ 1.731;$ 1.906
2024;septiembre;$ 1.981;$ 1.941;$ 1.821;$ 1.954;$ 1.859;$ 1.930;$ 1.820;$ 2.076;$ 1.941;$ 1.988;$ 1.943;$ 1.788;$ 1.741;$ 1.688;$ 1.726;$ 1.745;$ 1.757;$ 1.815;$ 1.434;$ 1.944;$ 1.815;$ 1.653;$ 1.677;$ 1.956;$ 1.621;$ 1.720;$ 1.739;$ 1.925;$ 1.748;$ 1.909
2024;octubre;$ 1.992;$ 1.991;$ 1.826;$ 1.940;$ 1.934;$ 1.947;$ 1.833;$ 2.082;$ 1.999;$ 2.000;$ 1.954;$ 1.781;$ 1.717;$ 1.661;$ 1.721;$ 1.725;$ 1.771;$ 1.800;$ 1.433;$ 1.961;$ 1.839;$ 1.632;$ 1.707;$ 1.940;$ 1.736;$ 1.682;$ 1.741;$ 1.938;$ 1.745;$ 1.918
2024;noviembre;$ 1.995;$ 1.937;$ 1.833;$ 1.988;$ 1.972;$ 1.952;$ 1.853;$ 2.089;$ 2.021;$ 2.021;$ 1.960;$ 1.781;$ 1.720;$ 1.663;$ 1.725;$ 1.727;$ 1.790;$ 1.853;$ 1.432;$ 1.965;$ 1.870;$ 1.650;$ 1.719;$ 1.959;$ 1.692;$ 1.629;$ 1.750;$ 1.940;$ 1.754;$ 1.925
2024;diciembre;$ 1.999;$ 1.942;$ 1.839;$ 1.992;$ 1.975;$ 1.959;$ 1.860;$ 2.098;$ 2.036;$ 2.038;$ 1.965;$ 1.787;$ 1.920;$ 1.752;$ 1.734;$ 1.717;$ 1.833;$ 1.898;$ 1.593;$ 1.970;$ 1.887;$ 1.823;$ 1.713;$ 1.965;$ 1.629;$ 1.704;$ 1.879;$ 1.938;$ 1.791;$ 1.938
2025;enero;$ 1.997;$ 1.948;$ 1.850;$ 1.991;$ 1.972;$ 1.958;$ 1.864;$ 2.098;$ 2.040;$ 2.008;$ 1.965;$ 1.730;$ 2.016;$ 1.747;$ 1.723;$ 1.747;$ 1.830;$ 1.959;$ 1.422;$ 1.971;$ 1.893;$ 2.004;$ 1.736;$ 2.003;$ 1.626;$ 1.629;$ 1.946;$ 1.994;$ 1.792;$ 1.937
2025;febrero;$ 1.991;$ 1.955;$ 1.866;$ 1.986;$ 1.953;$ 1.974;$ 1.879;$ 2.095;$ 2.041;$ 2.006;$ 1.969;$ 1.708;$ 2.046;$ 1.752;$ 1.740;$ 1.768;$ 1.862;$ 1.943;$ 1.442;$ 2.036;$ 1.907;$ 1.897;$ 1.744;$ 1.982;$ 1.607;$ 1.699;$ 1.889;$ 2.015;$ 1.809;$ 1.944
2025;marzo;$ 2.057;$ 2.001;$ 1.914;$ 2.055;$ 1.982;$ 2.035;$ 1.951;$ 2.145;$ 2.078;$ 2.050;$ 2.032;$ 1.711;$ 2.007;$ 1.799;$ 1.734;$ 1.793;$ 1.887;$ 1.963;$ 1.441;$ 2.042;$ 1.972;$ 1.882;$ 1.762;$ 2.005;$ 1.602;$ 1.738;$ 1.832;$ 2.005;$ 1.817;$ 1.998
2025;abril;$ 2.065;$ 2.027;$ 1.927;$ 2.068;$ 1.948;$ 2.046;$ 1.955;$ 2.153;$ 2.086;$ 2.090;$ 2.042;$ 1.729;$ 1.966;$ 1.820;$ 1.756;$ 1.781;$ 1.971;$ 1.957;$ 1.433;$ 2.049;$ 1.967;$ 1.871;$ 1.779;$ 2.023;$ 1.826;$ 1.896;$ 1.861;$ 2.034;$ 1.861;$ 2.011
2025;mayo;$ 2.068;$ 2.049;$ 1.934;$ 2.069;$ 1.899;$ 2.051;$ 1.955;$ 2.166;$ 2.088;$ 2.079;$ 2.045;$ 1.729;$ 2.062;$ 1.840;$ 1.770;$ 1.995;$ 1.980;$ 1.949;$ 1.489;$ 2.062;$ 1.985;$ 1.909;$ 1.783;$ 2.037;$ 1.780;$ 1.921;$ 1.827;$ 2.022;$ 1.884;$ 2.018
2025;junio;$ 2.072;$ 2.062;$ 1.939;$ 2.074;$ 1.904;$ 2.054;$ 1.951;$ 2.169;$ 2.094;$ 2.074;$ 2.048;$ 1.744;$ 1.920;$ 1.806;$ 1.808;$ 2.005;$ 1.958;$ 1.931;$ 1.562;$ 2.055;$ 1.959;$ 1.821;$ 1.802;$ 2.025;$ 1.799;$ 1.911;$ 1.765;$ 2.029;$ 1.890;$ 2.021
2025;julio;$ 2.084;$ 2.074;$ 1.939;$ 2.068;$ 1.954;$ 2.049;$ 1.973;$ 2.175;$ 2.092;$ 2.080;$ 2.054;$ 1.779;$ 1.770;$ 1.783;$ 1.833;$ 1.833;$ 1.966;$ 1.975;$ 1.557;$ 2.046;$ 1.945;$ 1.766;$ 1.818;$ 2.066;$ 1.806;$ 1.908;$ 1.793;$ 2.039;$ 1.900;$ 2.029
2025;agosto;$ 2.095;$ 2.078;$ 1.959;$ 2.099;$ 1.986;$ 2.062;$ 1.994;$ 2.190;$ 2.104;$ 2.076;$ 2.067;$ 1.844;$ 1.811;$ 1.792;$ 1.929;$ 1.847;$ 1.983;$ 2.033;$ 1.554;$ 2.090;$ 1.965;$ 1.788;$ 1.877;$ 2.029;$ 1.778;$ 1.927;$ 1.918;$ 2.036;$ 1.943;$ 2.048
