AÑO;MES;ANTIOQUIA;BOGOTÁ DC;BOYACÁ;CALDAS;CAUCA;CUNDINAMARCA;NARIÑO;QUINDÍO;RISARALDA;VALLE DEL CAUCA;ARAUCA;ATLÁNTICO;BOLIVAR;CAQUETÁ;CASANARE;CESÁR;CÓRDOBA;GUAVIARE;HUILA;LA GUAJIRA;MAGDALENA;META;NORTE DE SANT.;PUTUMAYO;SANTANDER;SUCRE;TOLIMA;NACIONAL
2011;enero;75.305.061; nd ;16.347.184;4.744.018;1.677.199;59.054.521;7.668.321;2.430.168;1.763.121;3.468.932;177.376;3.384.728;1.613.467;9.053.637;58.368;11.876.620;4.783.458; nd ;861.606;45.126;2.838.157;2.532.195;1.006.909; nd ;3.323.656;1.574.794;529.947;216.118.570
2011;febrero;70.995.760; nd ;14.833.337;4.564.153;1.633.982;53.526.267;7.294.823;2.396.763;829.177;3.295.404;150.745;2.681.534;1.752.652;8.572.776;48.038;10.591.609;4.432.874; nd ;880.516;30.943;2.815.462;2.351.069;970.278; nd ;3.324.495;1.410.117;535.575;199.918.349
2011;marzo;86.244.210; nd ;17.425.886;5.203.699;1.892.951;60.829.187;7.996.371;3.021.559;891.693;4.042.567;193.789;2.654.136;2.622.877;7.079.017;61.141;11.589.508;5.449.217; nd ;897.851;27.399;2.995.780;2.787.822;1.102.257; nd ;3.883.340;1.916.725;596.351;231.405.332
2011;abril;75.347.020; nd ;16.670.897;4.685.965;1.706.470;57.006.942;8.115.084;2.479.922;854.378;3.704.467;194.789;2.663.150;3.422.426;9.584.762;71.750;13.437.149;5.420.595; nd ;917.769;25.209;4.442.857;2.577.522;1.032.587; nd ;3.785.689;1.882.395;588.312;220.618.105
2011;mayo;76.112.899; nd ;16.660.276;4.785.696;1.802.530;56.330.469;9.240.050;2.500.898;858.044;3.897.272;216.876;3.355.643;3.834.321;8.768.906;80.413;16.737.208;6.622.219; nd ;936.940;28.251;5.145.639;2.602.564;1.019.669; nd ;3.968.803;2.663.735;626.414;228.795.734
2011;junio;87.545.725; nd ;16.458.325;4.817.504;1.846.871;57.259.365;10.251.546;3.139.830;829.447;4.024.201;186.006;4.114.529;3.888.260;8.934.090;78.874;18.284.087;7.678.348; nd ;942.286;39.419;5.430.436;2.593.027;1.001.475; nd ;3.785.274;2.929.167;600.721;246.658.813
2011;julio;77.011.088; nd ;16.824.252;4.980.790;1.866.234;55.573.936;9.902.792;2.600.592;847.672;4.044.460;187.331;4.329.271;3.696.147;8.349.413;52.997;18.962.635;6.185.019; nd ;905.623;39.563;15.178.637;2.669.383;1.090.486; nd ;3.792.961;2.019.472;625.917;241.736.670
2011;agosto;74.022.155; nd ;16.156.223;4.965.337;2.015.481;54.648.722;9.613.224;2.615.428;853.482;4.286.996;163.264;4.232.958;3.451.400;8.711.606;58.339;16.981.863;5.577.745; nd ;915.634;29.278;5.070.676;2.460.888;1.008.618; nd ;3.758.656;2.232.104;506.307;224.336.383
2011;septiembre;83.796.775; nd ;16.289.291;4.663.485;1.779.249;56.458.088;10.335.362;3.187.769;818.268;3.789.043;178.432;4.149.632;3.112.993;8.983.600;46.523;16.154.835;5.958.878; nd ;828.178;27.124;4.558.583;2.285.794;948.182; nd ;3.491.087;1.731.805;538.352;234.111.329
2011;octubre;72.055.635; nd ;16.499.152;4.634.413;1.891.391;55.955.717;10.225.665;2.603.230;798.627;3.685.579;155.998;3.651.529;2.947.307;9.070.494;74.321;16.010.465;4.955.830; nd ;818.104;28.085;3.902.004;2.388.342;914.751; nd ;3.400.915;1.903.129;531.354;219.102.038
2011;noviembre;70.390.006; nd ;16.200.581;4.255.294;1.883.218;54.535.424;10.003.240;2.659.175;708.540;3.428.957;184.763;2.952.026;2.335.241;9.486.797;78.757;13.477.221;4.796.141; nd ;847.764;22.931;3.048.242;2.569.602;814.695; nd ;3.034.049;1.678.777;477.304;209.868.745
2011;diciembre;81.675.926; nd ;16.790.515;4.122.916;1.776.616;59.608.462;10.123.466;3.173.559;715.214;3.230.695;198.167;2.875.620;2.033.197;9.883.805;71.556;12.626.525;5.500.964; nd ;774.307;14.904;2.942.744;2.739.430;567.175; nd ;3.208.292;1.594.748;421.014;226.669.815
2012;enero;76.244.703; nd ;17.028.123;4.241.323;1.992.117;59.308.964;9.610.556;2.929.714;899.910;3.914.123;216.657;2.734.256;1.897.131;10.107.930;61.208;13.415.010;5.234.202; nd ;740.096;236.895;3.151.749;3.035.284;601.751; nd ;3.364.283;1.693.070;409.420;223.068.475
2012;febrero;74.893.409; nd ;15.636.089;4.119.539;1.952.793;57.490.485;8.919.816;2.765.668;841.280;3.647.341;198.544;2.900.611;2.134.412;9.875.328;55.851;11.566.743;4.643.269; nd ;678.308;212.862;2.876.624;2.943.235;577.424; nd ;3.645.870;1.580.345;575.113;214.730.960
2012;marzo;88.903.561; nd ;15.758.122;4.704.088;2.104.783;62.205.627;9.578.266;3.438.310;945.965;3.902.077;213.952;2.485.826;2.473.721;10.292.195;60.007;11.478.634;4.657.260; nd ;1.069.692;377.652;2.999.014;3.309.161;613.490; nd ;3.650.074;1.449.953;411.531;237.082.959
2012;abril;78.995.333; nd ;15.891.627;4.959.850;1.964.285;54.461.026;9.251.934;2.790.653;929.204;3.885.835;269.166;2.794.484;2.722.783;4.587.891;62.463;9.284.264;4.467.923; nd ;1.026.652;447.043;3.585.117;3.088.313;620.614; nd ;3.822.745;1.381.109;394.461;211.684.776
2012;mayo;93.266.103; nd ;16.693.616;4.768.753;2.075.732;63.954.402;10.102.485;3.400.058;873.920;4.072.726;163.449;4.163.732;3.981.623;9.298.618;72.950;18.892.367;7.037.201; nd ;1.036.835;342.358;5.230.332;2.985.685;741.110; nd ;4.182.855;2.299.698;493.330;260.129.937
2012;junio;79.974.001; nd ;16.040.621;4.697.303;1.968.982;62.577.232;9.799.659;2.621.103;903.668;4.167.143;235.714;4.098.342;4.703.235;9.046.789;57.216;18.514.986;7.435.505; nd ;1.267.685;338.747;5.613.203;2.937.629;761.373; nd ;4.288.801;2.619.236;531.917;245.200.090
2012;julio;79.851.717; nd ;16.241.501;4.982.790;1.940.386;63.508.597;9.799.318;2.944.306;931.748;3.918.676;270.816;3.346.676;5.018.840;8.379.624;47.705;19.950.303;7.357.959; nd ;553.128;295.967;5.990.734;2.836.385;840.696; nd ;4.667.039;2.571.160;530.811;246.776.883
2012;agosto;90.511.158; nd ;17.328.706;4.948.694;1.624.509;62.013.161;9.437.135;3.552.798;917.364;4.210.296;314.803;3.306.283;4.746.027;8.228.225;56.124;19.713.784;7.680.853; nd ;515.112;555.920;5.629.161;2.625.724;820.247; nd ;4.606.578;2.665.604;486.482;256.494.749
2012;septiembre;76.526.745; nd ;16.380.440;4.859.630;1.450.341;59.716.859;8.581.959;2.880.973;834.838;3.687.062;110.195;2.972.461;5.446.289;8.613.079;51.394;18.568.966;6.417.389; nd ;465.251;845.254;5.614.350;2.660.188;781.252; nd ;4.609.153;2.478.279;415.874;234.968.220
2012;octubre;76.092.716; nd ;16.398.556;4.843.614;1.518.902;59.020.466;8.312.578;2.770.406;835.916;3.811.602;115.255;2.969.670;4.938.925;7.961.164;63.946;16.675.034;5.854.765; nd ;449.431;1.971.455;6.128.501;2.691.028;776.899; nd ;3.616.962;2.335.568;443.988;230.597.348
2012;noviembre;87.393.136; nd ;16.498.012;5.037.785;1.614.805;61.344.812;8.066.342;3.426.754;939.836;3.619.921;120.161;2.833.825;4.486.422;9.389.498;70.601;14.168.857;6.772.408; nd ;499.341;1.858.607;5.326.448;2.819.620;762.765; nd ;4.331.134;2.606.176;432.404;244.419.669
2012;diciembre;79.741.969; nd ;16.263.823;5.566.903;1.691.973;61.607.985;8.923.599;3.026.999;1.035.183;3.692.051;175.161;1.621.771;4.005.990;9.949.848;85.204;13.488.711;5.810.588; nd ;532.228;1.611.527;4.900.065;2.870.756;788.289; nd ;4.379.610;2.332.710;389.191;234.492.134
2013;enero;89.236.076; nd ;15.894.175;5.512.385;1.901.357;61.671.030;9.179.876;3.592.743;1.024.770;4.021.865;156.858;1.883.498;3.470.319;10.442.947;85.145;10.632.235;5.221.539;177.234;592.604;1.204.687;4.205.987;3.758.107;833.077; nd ;4.472.749;2.035.484;376.424;241.583.171
2013;febrero;75.386.886; nd ;14.596.890;5.649.311;1.643.234;53.039.813;6.424.945;3.000.745;905.351;3.499.921;151.858;4.955.001;2.725.373;9.994.103;84.601;8.252.402;4.018.996;152.625;583.727;836.284;3.059.645;3.306.590;873.929; nd ;4.301.200;2.061.331;355.188;209.859.948
2013;marzo;80.073.440; nd ;16.114.883;5.572.386;1.678.909;57.951.107;7.711.817;3.207.435;1.022.132;9.737.536;148.858;1.651.025;3.407.921;7.575.954;86.907;9.730.293;3.864.814;207.621;517.087;946.321;3.515.347;4.120.359;1.396.968; nd ;4.385.541;2.019.891;383.715;227.028.267
2013;abril;80.110.446; nd ;15.558.870;5.456.751;1.988.293;57.553.530;8.946.693;3.107.095;986.740;6.229.294;112.129;1.633.682;3.561.002;10.202.819;102.538;11.795.113;4.419.472;208.120;2.429.483;840.074;4.283.120;3.897.176;1.121.919; nd ;4.795.344;2.020.198;395.824;231.755.725
2013;mayo;94.364.620; nd ;17.253.941;7.523.080;2.003.332;61.839.052;9.400.266;3.795.833;880.184;7.898.721;161.870;1.516.824;3.113.202;8.941.460;81.886;14.086.384;6.118.923;212.742;638.453;988.384;5.100.239;3.840.385;1.270.677; nd ;4.747.690;1.822.075;563.614;258.163.838
2013;junio;77.406.448; nd ;16.204.946;4.835.582;1.858.111;59.571.092;9.266.942;3.122.443;1.018.374;7.448.345;169.334;2.273.530;3.313.475;13.311.838;90.980;15.550.298;5.863.576;170.201;624.204;1.375.399;6.137.984;3.311.594;1.200.621; nd ;4.790.662;3.251.772;354.699;242.522.449
2013;julio;83.292.574; nd ;16.785.170;5.186.610;1.899.971;60.435.382;9.525.359;3.170.374;1.060.608;7.679.108;179.495;2.609.861;5.065.901;8.226.368;89.368;16.010.305;5.856.291;157.526;439.618;1.611.548;6.985.798;3.141.247;1.278.746; nd ;5.070.648;2.861.820;396.921;249.016.617
2013;agosto;93.813.747; nd ;12.754.599;5.349.443;1.496.548;74.030.133;5.657.155;3.765.787;950.081;4.675.620;179.495;2.913.304;5.074.666;5.915.600;71.094;16.849.029;6.562.229;103.966;487.171;1.658.416;7.069.647;2.677.586;1.275.417; nd ;5.077.840;3.086.560;372.235;261.867.369
2013;septiembre;80.688.837; nd ;14.454.634;4.837.645;1.508.517;61.961.833;8.458.433;3.151.666;920.399;4.270.427;125.186;2.806.056;4.895.576;3.998.160;90.957;15.846.622;5.461.635;122.371;344.249;1.504.629;6.670.406;3.826.211;1.220.313; nd ;5.085.778;2.448.129;344.477;235.043.145
2013;octubre;93.845.101; nd ;16.721.434;4.947.518;1.431.950;65.167.807;8.684.551;3.801.471;995.963;3.809.131;129.816;2.931.802;4.875.121;8.111.904;83.627;17.330.421;6.042.845;150.364;452.668;1.773.899;6.344.781;2.877.005;1.231.146; nd ;4.924.568;2.690.096;343.390;259.698.380
2013;noviembre;79.748.761; nd ;18.682.060;5.133.952;1.514.833;61.413.983;9.135.215;3.050.202;971.206;4.002.014;220.359;2.624.283;4.561.674;9.023.830;140.366;15.575.746;4.913.173;158.106;455.197;1.409.204;5.492.847;3.061.320;1.201.653; nd ;4.865.565;1.868.467;320.244;239.544.261
2013;diciembre;85.056.587; nd ;17.915.098;5.343.430;1.528.124;66.172.452;10.553.020;3.210.653;980.158;3.904.563;144.123;2.393.015;4.140.505;9.446.754;116.334;14.180.659;5.581.658;187.921;480.285;1.098.890;5.314.083;3.431.828;1.231.082; nd ;4.876.288;1.892.668;327.034;249.507.213
2014;enero;92.400.915; nd ;18.644.791;5.268.966;1.740.272;68.409.741;10.019.942;3.626.218;993.954;4.444.167;144.129;1.998.509;3.740.525;9.800.577;190.203;12.145.676;5.204.417;231.110;627.577;1.113.224;4.482.627;3.471.201;1.141.067; nd ;4.745.561;2.299.659;259.557;257.144.584
2014;febrero;81.362.472; nd ;16.794.342;4.891.709;1.758.636;61.102.755;9.078.413;3.209.189;878.428;4.056.852;129.597;1.935.485;3.029.668;9.694.067;110.053;9.524.685;3.771.881;195.604;616.442;843.163;3.245.862;2.548.087;1.145.186; nd ;4.739.023;1.384.187;276.545;226.322.331
2014;marzo;84.605.693; nd ;19.991.883;5.285.505;1.962.325;63.588.775;9.563.889;3.272.225;1.016.070;4.510.794;143.049;2.167.691;3.319.523;10.127.194;267.450;10.201.330;3.424.321;209.012;588.950;901.800;3.472.406;2.973.350;1.437.354; nd ;5.590.510;2.656.633;316.222;241.593.953
2014;abril;85.725.137; nd ;18.585.296;5.172.378;1.933.967;62.188.374;9.204.334;3.278.946;996.050;4.323.946;124.557;2.311.528;2.739.669;10.100.486;250.644;9.933.501;2.927.046;193.472;2.319.104;834.906;3.315.505;3.150.157;1.460.044; nd ;5.146.621;2.119.800;280.998;238.616.467
2014;mayo;93.464.022; nd ;19.887.684;5.273.690;1.935.902;69.489.059;9.948.074;4.124.176;1.087.049;4.286.301;114.912;2.525.468;3.798.637;6.247.480;275.139;13.509.920;4.979.680;101.013;419.599;1.143.695;4.735.255;3.089.314;1.531.469; nd ;4.845.025;2.751.342;283.384;259.847.290
2014;junio;86.306.763; nd ;19.733.003;5.176.167;1.966.621;67.868.369;9.960.441;3.316.432;1.096.653;4.408.372;375.062;2.165.012;4.626.046;8.819.989;368.517;15.106.292;5.743.550;167.400;536.213;1.288.895;5.709.221;3.366.398;1.536.728; nd ;5.093.557;2.899.947;199.238;257.834.887
2014;julio;100.736.764; nd ;19.389.916;5.495.202;1.987.251;71.603.737;10.930.001;4.189.124;1.181.955;4.289.875;328.703;2.257.975;4.579.763;7.511.782;344.717;15.317.926;6.679.365;167.400;511.683;1.189.523;6.189.283;3.150.289;1.558.603; nd ;4.990.529;2.028.065;364.309;276.973.739
2014;agosto;85.436.928; nd ;17.910.696;5.153.580;1.788.767;67.705.111;10.908.675;3.429.882;1.140.348;3.968.651;230.302;2.068.327;4.435.985;7.486.872;208.326;14.157.407;5.826.054;167.400;460.302;792.358;6.656.994;2.857.299;1.504.738; nd ;4.994.217;2.624.345;253.074;252.166.638
2014;septiembre;86.099.877; nd ;16.866.590;4.899.520;1.554.377;65.296.410;10.405.955;3.338.925;1.117.006;3.513.069;152.420;2.286.873;4.712.814;7.646.878;166.012;15.962.716;5.048.449;167.400;435.359;1.069.405;7.394.613;2.731.955;1.511.407; nd ;4.738.669;2.419.527;228.759;249.764.986
2014;octubre;100.339.253; nd ;17.105.533;5.313.541;1.658.888;69.430.379;10.667.190;4.180.070;1.183.798;3.541.054;141.152;2.532.016;4.836.198;8.118.028;126.358;16.269.405;5.571.109;167.400;535.279;1.635.324;7.961.777;2.883.423;1.494.925; nd ;4.671.561;3.111.112;216.754;273.691.528
2014;noviembre;86.244.737; nd ;15.640.884;5.147.659;1.724.853;69.865.453;10.345.081;3.405.428;1.186.838;3.495.790;145.929;2.240.793;3.877.114;8.779.275;162.746;13.997.931;4.637.319;167.400;496.959;1.423.350;7.256.215;2.309.210;1.361.819; nd ;4.556.779;2.870.888;210.483;251.550.934
2014;diciembre;95.456.955; nd ;17.130.792;5.363.164;1.761.715;76.695.744;10.858.564;3.704.334;1.268.019;3.551.334;126.885;2.256.447;3.669.261;9.375.739;231.261;15.008.610;4.851.084;167.400;528.909;1.438.306;5.798.009;2.677.641;1.391.758; nd ;4.870.061;2.842.359;201.032;271.225.382
2015;enero;98.301.874; nd ;18.035.295;5.349.416;1.989.360;76.674.633;10.854.306;3.858.705;1.249.775;3.973.701;181.603;2.086.375;3.299.268;9.875.964;249.000;13.291.674;4.315.287;167.400;611.647;1.166.706;5.025.002;2.984.152;1.533.640; nd ;4.800.404;2.681.459;167.795;272.724.439
2015;febrero;89.681.553; nd ;12.612.975;5.336.829;1.867.982;71.550.824;9.617.938;3.438.137;1.169.973;3.437.130;228.028;2.061.617;2.635.799;10.047.455;275.934;9.660.974;3.637.314; nd ;577.410;754.161;3.963.540;3.342.492;1.543.827; nd ;4.148.831;1.263.837;227.188;243.081.747
2015;marzo;94.266.452; nd ;13.814.916;5.877.837;2.102.291;76.449.187;8.886.606;3.584.689;1.271.840;3.732.105;151.690;3.005.691;2.814.104;8.707.578;301.036;10.975.293;3.062.258; nd ;684.079;750.341;3.942.041;3.717.658;1.661.473; nd ;4.625.283;1.377.291;282.679;256.044.418
2015;abril;106.887.102; nd ;13.769.840;5.762.652;1.994.157;75.709.937;9.637.391;4.403.493;1.234.629;3.762.574;186.309;2.828.424;2.836.804;10.353.800;349.884;10.353.800;3.512.159; nd ;615.477;448.494;3.749.329;3.865.303;1.477.176; nd ;4.294.292;1.773.735;268.587;270.075.346
2015;mayo;93.147.755; nd ;14.269.065;6.347.426;2.097.278;75.242.359;10.084.900;3.652.215;1.213.760;4.047.426;190.573;2.632.073;3.926.440;8.855.761;521.157;12.656.814;3.996.051; nd ;612.646;550.635;4.608.151;3.700.517;1.627.826; nd ;4.548.490;2.047.411;252.269;260.828.998
2015;junio;89.892.924; nd ;13.314.680;5.658.861;1.968.854;70.444.062;9.840.422;3.505.955;1.211.457;3.840.950;194.986;1.461.446;4.687.106;7.824.931;431.295;13.513.012;4.371.107; nd ;515.560;722.688;5.161.485;3.373.342;1.799.189; nd ;4.149.293;2.244.971;246.890;250.375.466
2015;julio;104.701.601; nd ;12.840.774;5.860.262;1.907.190;71.838.930;9.954.594;4.225.906;1.238.847;3.664.238;138.497;1.473.651;4.799.659;6.436.116;401.999;13.508.962;5.257.549; nd ;444.765;749.339;5.768.396;3.255.930;1.479.599; nd ;4.334.984;2.268.918;298.932;266.849.638
2015;agosto;91.331.510; nd ;12.468.237;5.521.930;1.700.278;69.724.393;9.375.173;3.529.961;1.252.349;3.276.025;96.066;1.437.611;4.084.941;7.015.195;244.016;12.182.270;4.881.678; nd ;376.164;607.846;5.301.132;2.911.441;1.513.623; nd ;4.289.171;2.396.582;281.039;245.798.630
2015;septiembre;89.979.353; nd ;11.846.942;5.144.575;1.567.477;65.715.749;8.881.710;3.206.818;1.138.619;3.032.348;74.007;1.514.113;4.607.566;7.388.657;203.085;13.077.815;4.457.893; nd ;392.693;634.515;5.742.616;2.624.445;1.436.334; nd ;4.040.528;2.279.381;239.272;239.226.510
2015;octubre;102.811.227; nd ;11.660.765;5.299.332;1.574.130;66.065.176;8.432.155;3.961.275;1.140.658;2.490.232;73.090;1.792.598;4.445.721;7.720.556;144.756;14.129.583;4.868.641; nd ;314.954;803.207;5.818.710;2.685.998;1.620.326; nd ;3.964.027;2.027.708;223.348;254.068.172
2015;noviembre;87.374.855; nd ;11.459.738;5.362.036;1.635.999;63.246.503;8.201.346;3.408.605;1.097.580;2.542.380;71.192;1.613.144;3.626.233;8.390.196;131.688;13.116.674;4.121.082; nd ;302.732;796.119;5.019.536;2.722.340;1.323.396; nd ;3.790.583;1.724.159;269.940;231.348.056
2015;diciembre;99.110.184; nd ;12.442.848;5.626.920;1.682.647;68.786.055;8.855.711;4.002.332;1.182.618;3.037.267;77.423;1.697.150;2.965.911;8.746.235;166.073;12.452.982;4.341.975; nd ;304.326;789.984;5.085.518;3.052.816;1.371.104; nd ;3.958.454;1.535.955;303.985;251.576.474
2016;enero;96.931.005; nd ;12.258.955;5.510.502;1.859.985;64.553.920;8.846.299;3.926.529;1.098.863;4.249.219;80.015;1.313.989;2.597.128;8.591.992;327.314;10.751.571;4.699.695; nd ;310.844;512.458;4.268.602;2.997.029;1.271.549;240.098;3.740.608;1.406.751;204.201;242.549.119
2016;febrero;89.221.819; nd ;10.787.177;5.145.695;1.873.094;58.789.694;8.248.118;3.720.243;996.858;4.130.119;63.010;1.004.000;2.206.474;8.674.599;240.805;7.910.521;3.829.507; nd ;390.795;370.686;3.200.069;2.856.548;1.210.127;258.951;3.562.913;1.131.214;316.965;220.140.000
2016;marzo;91.279.132; nd ;11.198.301;5.589.635;1.981.052;59.806.086;8.127.761;4.149.176;1.341.886;4.524.583;63.859;1.100.967;2.084.355;10.743.161;168.397;7.288.854;3.154.640; nd ;331.664;350.599;2.884.102;3.161.426;1.049.986;267.815;3.563.102;917.785;359.271;225.487.594
2016;abril;92.483.147; nd ;11.446.882;5.657.805;1.965.516;61.654.952;7.818.892;4.139.518;1.311.898;4.636.627;80.320;1.209.958;1.893.140;10.752.035;206.326;7.022.415;1.489.323; nd ;407.911;315.193;2.504.371;3.232.358;1.231.506;251.262;3.595.861;753.353;389.331;226.449.900
2016;mayo;98.730.123; nd ;12.842.229;5.828.393;2.191.456;68.625.068;8.743.744;4.257.682;1.311.736;4.912.522;96.107;1.279.846;2.261.466;10.031.627;277.012;10.149.401;3.673.155; nd ;409.055;452.423;2.944.904;3.194.385;1.180.611;232.414;3.804.510;1.097.803;244.452;248.772.124
2016;junio;99.216.576; nd ;13.680.665;5.947.195;2.038.158;68.394.451;8.746.313;4.170.963;1.300.128;4.653.198;48.765;1.510.061;3.059.158;9.531.372;263.274;12.518.262;4.704.464; nd ;402.090;678.362;3.637.857;2.876.645;1.048.085;215.050;3.806.889;1.430.311;338.737;254.217.029
2016;julio;102.281.855; nd ;11.674.166;6.124.127;2.067.371;69.616.259;7.512.964;4.308.918;1.282.021;4.639.406;66.891;1.428.583;4.059.767;6.911.011;185.351;13.532.436;5.118.136; nd ;378.670;707.443;4.325.098;2.720.735;1.063.050;115.297;4.002.621;1.812.199;329.642;256.264.017
2016;agosto;102.921.956; nd ;13.001.903;5.955.301;1.930.378;69.686.466;9.460.066;4.272.893;1.226.538;4.585.074;75.955;1.582.000;4.377.993;8.967.648;252.775;15.414.766;5.411.243; nd ;399.372; nd ;4.484.460;2.603.073;1.090.309;166.773;4.085.327;1.576.608;309.853;263.838.729
2016;septiembre;99.031.000; nd ;12.772.959;5.709.124;1.788.488;70.655.943;8.910.010;4.080.749;1.140.762;4.214.935;82.782;1.600.471;4.076.446;9.393.739;170.243;14.646.325;5.461.044; nd ;386.815;671.991;4.532.413;2.508.423;1.195.461;134.267;3.810.664;1.453.065;300.398;258.728.516
2016;octubre;100.847.024; nd ;13.204.002;5.913.407;1.905.193;74.462.629;8.915.511;4.185.726;1.173.026;4.470.043;84.429;1.587.310;3.332.429;9.720.622;146.256;18.280.849;5.285.297; nd ;380.867;899.856;4.522.341;2.640.172;1.094.270;204.969;4.004.094;1.396.585;309.147;268.966.054
2016;noviembre;94.966.858; nd ;13.027.672;5.205.129;1.917.615;73.128.177;8.657.163;3.872.929;1.127.506;4.338.322;91.961;1.519.962;1.981.294;10.113.518;125.517;12.480.094;4.569.170; nd ;396.445;801.167;3.906.445;2.584.984;3.636.443;246.614;3.622.169;1.274.346;289.526;253.881.026
2016;diciembre;97.722.867; nd ;13.419.904;5.859.674;1.844.462;76.065.696;8.989.768;3.912.958;1.141.015;4.558.751;96.376;1.246.434;1.366.533;10.016.499;99.430;11.389.982;4.500.717; nd ;398.383;740.986;3.519.026;2.700.778;1.081.202;271.372;3.658.422;1.008.133;299.091;255.908.461
2017;enero;102.086.422; nd ;22.075.568;9.039.386;2.056.281;74.119.595;8.930.594;3.934.563;1.093.928;4.961.678;102.180;1.661.347;1.399.887;9.264.491;154.920;10.602.317;4.344.723; nd ;428.606;573.287;3.125.924;2.855.225;1.058.038;289.932;4.748.045;968.120;306.280;270.181.338
2017;febrero;94.943.710; nd ;20.923.695;8.303.787;1.958.310;67.290.418;8.386.925;3.594.742;1.044.764;4.629.314;106.354;1.476.345;1.239.825;9.358.401;130.276;8.804.018;3.475.217; nd ;600.798;531.468;2.470.835;2.734.445;1.580.295;289.932;4.456.480;818.890;287.801;249.437.046
2017;marzo;103.800.406; nd ;14.258.857;5.868.113;2.214.853;71.450.836;9.289.759;4.276.845;1.151.290;4.992.883;98.330;1.348.746;1.367.202;9.315.799;188.660;7.702.390;3.399.048; nd ;592.406;636.842;2.585.238;2.968.737;1.596.664;318.218;4.877.340;852.968;302.776;255.455.206
2017;abril;105.025.606; nd ;13.977.549;6.110.767;2.173.661;73.706.497;8.890.085;3.898.716;1.139.282;4.930.799;93.577;1.476.631;1.213.629;10.724.624;157.326;11.711.380;4.171.940; nd ;591.554;770.816;2.966.810;2.814.102;1.071.784;298.983;4.936.181;978.751;338.892;264.169.940
2017;mayo;107.205.585; nd ;15.224.272;6.188.115;2.236.119;69.293.256;8.966.677;3.912.150;1.159.048;5.273.264;119.240;2.294.758;2.437.137;10.327.137;172.349;13.454.888;5.058.952; nd ;616.519;1.026.605;3.864.938;4.342.951;1.205.870;298.983;5.119.084;1.201.143;349.359;271.348.398
2017;junio;107.743.905; nd ;14.384.182;5.969.192;2.097.859;69.025.309;8.593.656;3.940.947;1.161.966;4.990.120;62.329;2.210.415;1.987.784;9.542.707;139.073;13.683.325;4.887.482; nd ;1.194.582;1.312.204;4.229.552;4.201.161;1.155.851;266.942;5.019.545;1.786.823;327.976;269.914.886
2017;julio;107.191.055; nd ;13.738.698;6.286.567;2.137.566;70.048.066;9.093.135;4.140.209;1.189.548;5.039.451;58.967;2.115.352;1.975.546;10.070.096;103.393;14.566.854;4.432.282; nd ;1.086.769;1.230.747;3.816.444;3.783.904;1.206.628;271.763;5.140.085;1.366.217;321.359;270.410.701
2017;agosto;106.539.380; nd ;13.399.758;6.359.091;2.006.293;70.367.061;8.987.798;4.205.411;1.152.337;4.824.281;65.206;4.906.997;1.778.782;9.327.836;112.980;14.718.820;4.012.718; nd ;508.485;1.278.630;4.202.772;3.536.731;1.171.776;271.554;5.021.477;1.214.965;303.421;270.274.561
2017;septiembre;101.748.138; nd ;13.436.227;6.057.428;1.916.025;68.088.246;8.930.870;4.197.989;1.130.507;4.712.415;73.622;1.935.547;1.692.976;8.559.900;106.428;13.789.320;3.821.557; nd ;493.645;1.118.669;3.916.093;3.227.773;1.120.110;135.545;4.690.981;1.101.270;311.719;256.313.000
2017;octubre;102.819.935; nd ;13.399.443;6.116.785;1.956.396;69.172.372;8.919.291;4.290.629;1.125.233;4.729.549;57.127;1.790.250;1.638.954;8.231.261;90.969;12.953.741;3.825.289; nd ;435.023;1.197.585;3.814.922;3.146.820;1.085.533; nd ;4.642.747;1.139.018;361.668;256.940.539
2017;noviembre;99.748.457; nd ;13.656.406;5.649.545;1.815.678;67.278.348;7.950.756;4.092.833;1.052.036;4.366.006;57.505;2.021.806;1.469.548;8.315.928;87.443;11.882.862;3.787.994; nd ;455.514;1.144.850;3.295.729;3.125.665;1.057.506; nd ;4.256.931;1.057.431;338.107;247.964.882
2017;diciembre;104.105.124; nd ;14.174.549;5.812.682;1.917.332;71.909.779;9.521.159;4.057.182;1.169.564;4.531.902;63.042;1.781.939;1.452.884;8.467.829;96.951;13.164.479;4.033.086; nd ;456.174;980.463;3.125.871;3.458.947;1.054.157; nd ;4.161.389;1.010.758;304.761;260.812.004
2018;enero;103.048.733; nd ;13.200.663;5.949.449;1.981.188;72.712.679;9.223.232;4.000.050;1.050.986;5.350.265;65.415;2.404.194;1.280.189;8.942.636;129.606;11.443.750;4.178.500; nd ;258.555;783.589;3.193.798;3.531.086;695.904; nd ;4.063.644;437.889;110.424;258.036.424
2018;febrero;99.054.221; nd ;12.648.286;6.065.081;2.047.704;66.832.802;8.577.929;3.634.203;1.006.425;5.013.395;78.809;2.102.006;1.161.672;8.790.870;118.885;11.129.495;4.133.649; nd ;458.169;706.080;2.949.745;3.139.458;638.730; nd ;3.783.939;839.843;281.725;245.193.121
2018;marzo;110.009.752; nd ;13.934.692;6.835.852;2.259.879;72.879.090;9.663.942;4.073.786;1.178.103;5.190.050;86.907;1.495.363;1.183.267;7.888.968;109.446;11.082.620;3.464.652; nd ;482.435;598.358;2.894.011;3.215.286;638.699; nd ;3.913.766;442.495;310.574;263.831.993
2018;abril;106.814.366; nd ;12.306.289;6.173.136;2.207.676;67.596.280;9.327.960;3.918.911;1.050.104;5.082.559;103.808;1.905.133;1.204.816;8.781.431;128.347;12.422.850;3.341.094; nd ;463.314;637.371;2.961.455;3.461.609;716.882; nd ;4.219.118;593.185;298.337;255.716.031
2018;mayo;112.345.305; nd ;13.205.018;7.062.327;2.399.386;76.308.383;9.940.693;3.926.831;1.113.331;5.157.020;98.798;2.236.662;1.750.379;8.434.379;137.160;13.416.063;4.683.756; nd ;851.331;788.438;3.692.675;3.553.147;743.772; nd ;4.509.985;744.630;269.598;277.369.067
2018;junio;108.764.193; nd ;13.025.361;6.306.746;2.336.630;74.199.617;9.634.106;3.812.686;1.038.320;4.996.945;95.340;2.021.541;1.847.306;6.984.984;96.955;17.300.924;5.114.484; nd ;995.535;1.050.806;3.863.774;3.517.791;679.287; nd ;4.443.146;865.602;259.696;273.251.776
2018;julio;109.602.305; nd ;16.628.042;6.172.630;2.309.430;71.195.101;9.793.064;4.103.193;1.039.397;5.113.715;64.841;1.481.362;1.676.658;6.790.011;70.752;15.628.871;4.962.245; nd ;439.909;980.020;4.369.916;2.623.963;680.998; nd ;4.607.403;774.231;247.904;271.355.961
2018;agosto;107.520.513; nd ;14.772.910;6.260.624;2.261.311;74.510.100;9.890.720;4.083.322;1.087.288;4.609.524;54.901;1.751.510;1.487.595;6.933.148;65.661;12.116.722;4.768.407; nd ;416.857;1.847.791;4.136.426;2.649.389;681.411; nd ;4.562.422;631.644;102.250;267.202.446
2018;septiembre;100.666.800; nd ;13.136.156;5.712.780;2.020.110;62.340.211;9.797.878;3.928.571;1.033.749;4.217.142;47.913;1.748.466;1.319.887;6.798.314;11.024;13.107.820;3.919.539; nd ;373.002;1.003.742;3.744.238;2.122.227;673.177; nd ;4.474.394;570.918;275.000;243.043.057
2018;octubre;103.310.238; nd ;13.614.933;5.464.700;2.097.771;71.853.094;9.827.718;3.956.812;1.077.315;4.352.926;72.121;1.709.249;807.363;7.558.619;40.888;11.662.761;3.769.062; nd ;387.088;1.005.196;3.647.436;2.288.155;610.641; nd ;4.406.204;564.854;328.194;254.413.337
2018;noviembre;98.117.379; nd ;13.362.224;5.491.241;2.155.415;64.783.773;9.332.264;3.351.937;1.025.428;4.490.332;57.247;1.166.361;706.333;7.821.220;40.888;11.110.533;3.571.541; nd ;2.907.011;987.166;3.220.850;2.331.017;503.508; nd ;4.203.597;503.463;224.120;241.464.847
2018;diciembre;97.614.728; nd ;14.148.636;5.444.875;1.985.571;66.954.854;9.614.214;3.416.700;1.067.520;4.032.310;51.504;1.084.077;691.890;8.103.422; nd ;9.602.112;3.614.089; nd ;2.928.675;900.955;3.035.852;2.450.792;472.150; nd ;4.298.614;507.837;265.759;242.287.137
2019;enero;96.964.222; nd ;14.373.216;5.290.543;2.163.658;64.459.643;10.092.520;3.356.379;1.110.742;4.336.807;39.582;901.544;927.498;9.684.403; nd ;8.291.100;2.985.998; nd ;2.767.384;667.112;2.924.685;2.495.057;415.747; nd ;4.001.621;1.004.787;220.885;239.475.134
2019;febrero;87.612.856; nd ;13.819.239;4.888.835;2.098.047;55.562.796;9.646.845;3.433.336;1.107.438;3.972.264;17.316;703.722;785.292;10.838.103; nd ;6.880.832;2.143.065; nd ;401.351;577.072;2.444.594;2.549.341;437.727; nd ;3.653.654;877.134;236.128;214.686.987
2019;marzo;100.328.156; nd ;15.655.870;6.030.369;1.972.740;56.936.923;8.054.227;3.838.176;1.115.035;3.332.559;28.056;814.390;1.283.790;10.823.829; nd ;6.910.682;2.042.749; nd ;416.006;577.072;2.608.771;2.665.778;541.931; nd ;4.250.837;729.125;323.210;231.280.281
2019;abril;95.934.000; nd ;16.395.712;6.031.065;2.064.922;56.732.216;8.173.685;3.577.879;1.111.315;3.138.424;32.179;702.937;1.162.162;9.618.590; nd ;7.827.247;1.799.749; nd ;390.691;275.399;2.401.389;2.254.641;109.691; nd ;4.270.244;727.163;237.215;224.968.515
2019;mayo;95.030.732; nd ;18.294.516;5.855.861;2.276.140;59.590.370;9.424.080;3.352.924;1.175.719;2.713.868;34.486;969.149;1.845.663;9.344.079; nd ;10.232.836;3.068.501; nd ;691.357;293.300;3.668.920;2.872.747;589.302; nd ;4.631.816;912.983;190.858;237.060.207
2019;junio;98.504.949; nd ;17.325.328;5.417.778;1.996.132;57.797.723;9.423.346;3.357.419;1.066.899;4.257.375;33.756;1.437.257;1.364.990;8.516.957; nd ;11.103.446;4.262.571; nd ;540.188;397.119;4.667.953;2.673.758;527.630; nd ;4.399.996;919.556;302.002;240.294.128
2019;julio;101.205.083; nd ;18.020.581;4.907.771;1.973.851;64.483.987;11.460.210;3.655.536;998.106;4.701.210;31.961;1.502.085;1.801.971;8.003.200; nd ;12.167.445;4.898.414; nd ;362.817;530.718;5.509.158;2.647.846;1.063.923; nd ;3.727.910;1.283.189;387.671;255.324.643
2019;agosto;97.165.955; nd ;17.895.618;4.680.508;1.779.508;63.099.714;11.275.377;3.751.750;1.086.089;4.564.825;38.582;1.552.902;2.058.008;7.877.967; nd ;12.828.812;4.790.736; nd ;285.205;478.428;5.278.991;2.463.964;532.845; nd ;3.774.395;1.199.276;416.363;248.875.818
2019;septiembre;95.992.358; nd ;17.647.961;4.215.474;1.528.874;57.457.436;10.431.717;3.427.252;991.403;3.852.131;29.803;1.506.638;1.840.702;7.527.922; nd ;12.442.294;4.502.879; nd ;278.734;465.969;5.022.525;2.311.645;390.734; nd ;4.410.224;1.097.518;332.068;237.704.261
2019;octubre;102.405.444; nd ;17.494.011;4.399.122;1.568.631;61.963.369;9.926.563;3.633.140;1.062.203;4.087.534;38.599;1.584.436;1.910.406;8.174.716; nd ;13.334.349;3.923.992; nd ;247.309;534.015;5.295.681;2.484.957;54.948;234.549;4.839.629;902.414;371.403;250.471.420
2019;noviembre;100.567.060; nd ;17.885.836;4.356.568;1.615.951;68.839.788;9.593.796;3.155.416;996.983;3.934.619;38.081;1.289.097;1.680.758;7.837.177; nd ;10.409.552;3.444.568; nd ;235.459;461.029;4.166.827;2.294.623;48.581;229.893;2.901.694;776.972;362.836;247.123.164
2019;diciembre;96.880.035; nd ;18.711.240;4.692.714;1.546.571;64.337.619;10.065.843;3.541.630;1.075.788;4.032.651;41.316;1.133.446;1.555.024;8.828.926; nd ;9.411.742;3.568.638; nd ;390.225;353.604;3.723.549;2.431.223;310.518;254.290;2.331.511;779.476;378.866;240.376.445
2020;enero;105.222.185; nd ;18.908.597;4.704.693;1.458.358;64.936.090;9.683.417;3.437.809;1.029.855;3.583.592;42.066;1.002.297;1.412.942;9.231.397; nd ;8.224.563;5.515.728; nd ;385.603;263.007;3.326.087;2.519.319;54.183;227.274;3.479.051;695.185;494.031;249.837.329
2020;febrero;99.571.464; nd ;15.888.772;4.590.985;1.374.388;56.675.146;8.952.212;3.228.584;1.009.117;4.509.977;37.183;913.200;1.200.212;8.561.565; nd ;6.860.881;2.684.449; nd ;226.217;220.973;2.634.734;2.645.028;281.617;233.404;3.083.478;581.016;359.763;226.324.365
2020;marzo;105.522.223; nd ;16.627.586;4.997.464;1.532.138;55.343.437;9.553.592;1.717.949;1.231.711;4.826.819;45.694;796.408;1.135.374;6.840.448; nd ;6.616.171;2.451.242; nd ;248.963;195.170;2.325.870;2.848.971;127.246;268.079;3.661.734;465.123;441.393;229.820.805
2020;abril;105.110.993; nd ;17.378.443;5.352.339;1.606.356;61.456.356;10.387.964;3.942.754;1.336.422;5.744.629;49.356;663.717;1.303.776;7.160.103; nd ;6.255.010;2.244.623; nd ;306.270;163.246;2.477.676;3.535.599;236.525;265.949;4.674.500;276.865;429.522;242.358.993
2020;mayo;108.634.143; nd ;18.204.153;4.984.710;1.658.479;63.603.629;10.741.988;3.733.437;1.327.810;3.491.062;60.160;726.175;1.698.284;7.968.614;143.235;7.315.985;2.834.961; nd ;279.310;201.009;3.455.860;3.327.623;275.269;290.181;4.976.203;434.387;430.935;250.797.602
2020;junio;104.243.116; nd ;17.272.940;4.713.143;1.600.265;62.448.076;11.175.023;3.716.638;1.281.546;4.821.791;55.615;994.856;2.023.139;7.773.489;90.618;9.065.331;3.616.614; nd ;257.951;352.988;4.456.067;3.461.600;279.782;277.537;4.425.730;565.104;435.054;249.404.013
2020;julio;110.447.083; nd ;18.150.346;5.403.155;1.559.318;65.663.611;11.175.946;3.877.722;1.344.981;4.734.894;53.793;1.592.087;2.593.030;7.112.252;110.105;10.560.250;3.775.881; nd ;251.170;445.382;5.568.081;2.854.941;268.642;284.225;4.909.232;905.181;454.461;264.095.769
2020;agosto;114.331.559; nd ;18.249.349;4.970.633;1.518.621;61.264.590;11.462.720;3.975.810;1.355.926;4.912.495;46.998;1.817.955;2.836.296;7.704.066;72.225;10.418.299;4.049.004; nd ;63.685;461.501;5.156.328;2.912.733;273.097;280.324;4.939.606;648.548;393.504;264.115.872
2020;septiembre;108.831.040; nd ;16.282.042;4.773.372;1.486.939;62.482.899;11.034.864;3.731.264;1.272.237;4.686.721;42.456;1.546.398;2.524.064;6.606.726;76.779;7.817.832;3.850.233; nd ;256.736;480.528;5.620.409;2.853.898;269.206;256.590;4.974.833;700.469;431.332;252.889.867
2020;octubre;110.500.496; nd ;17.207.830;5.267.695;1.494.460;64.069.609;11.041.686;3.766.625;1.272.042;3.595.906;42.299;1.455.794;2.403.038;6.808.714;10.995;9.422.059;3.743.845; nd ;260.665;477.456;5.050.553;2.975.387;243.451;232.335;4.731.028;620.330;424.851;257.119.149
2020;noviembre;103.578.252; nd ;16.139.184;4.548.971;1.421.466;58.995.196;10.067.390;3.570.736;1.212.140;4.433.544;42.279;1.220.929;1.971.955;6.822.343; nd ;8.556.981;3.607.172; nd ;279.176;412.208;4.192.509;3.042.448;186.266;242.782;4.346.236;563.432;387.525;239.841.120
2020;diciembre;98.739.544; nd ;15.499.358;4.942.615;1.375.170;68.858.404;10.330.436;3.619.733;1.280.028;4.377.146;44.524;1.158.433;1.175.778;6.592.001; nd ;8.436.390;3.617.322; nd ;261.767;372.303;3.933.100;3.271.966;220.332;240.725;4.397.031;1.210.345;400.319;244.354.770
2021;enero;109.152.141; nd ;17.131.906;4.603.205;1.443.972;63.348.930;10.953.060;3.076.694;1.305.832;4.876.538;45.693;1.036.587;1.503.003;6.027.781; nd ;7.558.056;3.479.102; nd ;272.496;296.658;3.319.325;3.807.276;218.072;249.549;4.575.032;466.326;392.621;249.139.855
2021;febrero;99.899.923; nd ;15.679.270;4.690.136;1.408.063;57.941.920;10.101.428;3.252.036;1.249.806;4.523.239;49.287;852.736;1.656.145;6.893.932; nd ;6.035.345;3.150.373; nd ;278.652;245.348;2.729.720;3.495.630;210.279;228.451;4.387.542;388.722;354.401;229.702.384
2021;marzo;100.668.377; nd ;17.555.511;5.108.434;1.521.282;62.112.826;11.625.958;3.474.887;1.592.031;3.308.218;57.065;874.138;1.529.848;7.345.677; nd ;6.505.846;2.871.948; nd ;234.657;270.673;2.947.562;3.853.312;202.633;238.468;5.689.640;495.680;418.258;240.636.639
2021;abril;99.151.761; nd ;16.810.242;5.127.252;1.565.552;54.505.152;10.991.241;3.225.537;1.481.688;3.124.485;50.064;865.388;1.686.147;7.167.150;135.935;8.020.993;3.404.713; nd ;233.000;271.266;3.176.620;3.849.321;43.150;223.831;6.183.435;549.589;413.356;232.256.868
2021;mayo;99.654.279; nd ;14.652.112;4.461.955;30.422;53.335.424;3.119.321;2.360.323;575.016;1.738.472;34.732;1.199.590;2.310.810;3.120.280;131.137;7.335.078;4.292.084; nd ;169.221;419.750;4.338.484;2.710.291;44.910; nd ;5.424.950;719.107;262.523;212.440.271
2021;junio;95.248.375; nd ;16.935.369;4.927.151;1.051.730;56.734.500;10.379.042;2.731.439;1.076.705;2.452.346;43.808;1.419.724;2.888.073;6.785.170;119.333;10.117.154;4.194.322; nd ;224.334;535.336;4.698.384;3.010.698;56.716;113.744;6.063.024;886.656;128.523;232.821.656
2021;julio;96.307.715; nd ;17.173.088;5.035.805;1.269.483;60.479.562;11.393.307;2.820.165;1.099.619;2.797.148;42.697;1.538.763;2.518.513;5.738.353;116.491;10.680.784;4.079.493; nd ;223.577;680.739;4.760.053;2.934.678;194.645;165.344;4.690.077;728.966;309.261;237.778.326
2021;agosto;93.826.146; nd ;16.453.313;5.047.548;1.225.953;59.569.934;11.236.244;2.911.867;1.149.101;2.896.941;44.400;1.592.496;2.629.600;5.964.175;105.792;10.695.467;3.508.658; nd ;223.239;745.301;4.847.791;2.633.652;140.131;105.759;5.306.614;563.930;284.241;233.708.293
2021;septiembre;87.093.579; nd ;16.009.916;4.807.340;977.456;58.921.595;10.895.270;2.757.786;949.147;2.780.580;46.046;1.390.879;2.068.235;4.324.641;98.943;9.885.528;3.529.208; nd ;221.365;713.079;4.238.504;2.433.474;77.439;200.799;4.654.835;477.768;258.852;219.812.264
2021;octubre;89.227.502; nd ;15.071.305;5.052.944;1.224.977;60.206.851;12.161.155;2.760.331;930.463;2.291.353;40.914;1.239.161;2.057.966;5.389.530;96.939;9.154.314;2.227.734; nd ;218.564;662.899;4.060.089;2.329.945;136.275;155.338;3.676.548;474.871;246.652;221.094.620
2021;noviembre;85.578.602; nd ;18.456.993;4.518.781;1.147.262;61.941.012;12.026.311;2.493.310;1.074.707;2.788.288;56.890;1.046.410;1.665.793;9.349.699;175.463;8.351.492;3.647.401; nd ;273.974;452.977;3.928.440;3.371.031;394.286;133.098;3.758.385;712.823;358.851;227.702.278
2021;diciembre;95.197.240; nd ;18.820.914;4.514.226;1.089.728;67.004.554;11.937.817;2.475.855;1.126.647;3.783.975;53.662;1.041.160;1.730.074;9.834.281;181.129;8.357.844;3.677.270; nd ;251.193;349.951;3.364.078;3.761.668;798.428;139.955;4.399.524;461.838;289.444;244.642.455
2022;enero;99.381.595; nd ;17.715.278;4.543.721;1.445.459;61.766.915;11.271.334;2.499.406;1.154.918;3.790.785;78.375;1.079.416;1.730.446;10.013.306;69.318;7.878.734;3.773.207; nd ;265.081;326.470;3.402.313;3.609.250;797.103;141.530;5.368.799;926.426;357.839;243.387.024
2022;febrero;89.265.768; nd ;16.988.071;4.552.687;1.081.735;54.589.227;11.009.238;2.338.256;867.281;3.681.505;57.650;1.035.255;1.443.331;10.255.952;60.402;5.851.269;3.267.156; nd ;266.197;256.646;2.728.165;3.708.403;654.191;129.908;4.702.291;799.993;393.313;219.983.890
2022;marzo;102.637.362; nd ;19.170.100;6.428.460;1.185.902;60.639.662;11.797.947;2.598.591;983.112;4.534.106;67.441;1.152.094;1.833.865;12.396.706;67.257;8.225.414;3.773.343; nd ;262.433;293.541;2.755.917;4.020.633;751.429;149.330;4.388.396;700.625;408.044;251.221.709
2022;abril;101.099.361; nd ;20.342.329;4.907.546;1.121.890;63.463.518;10.998.648;2.496.450;906.299;4.010.359;87.052;1.275.302;2.788.355;11.433.549;132.426;8.536.188;4.146.343; nd ;257.169;317.276;4.269.401;4.105.761;827.006;117.247;4.852.751;974.568;372.837;253.839.631
2022;mayo;103.783.331; nd ;20.563.647;4.744.043;1.116.983;64.908.903;12.228.345;2.721.206;933.585;4.370.322;108.545;1.796.774;2.286.041;11.734.719;152.626;10.433.264;4.877.964;102.291;266.438;537.639;4.877.508;4.093.464;802.976;115.989;5.340.952;1.051.351;417.530;264.366.435
2022;junio;98.069.174; nd ;20.263.442;4.405.305;1.041.302;62.325.796;11.848.879;2.564.163;918.054;4.096.282;108.183;1.945.056;2.088.419;10.897.639;146.470;11.076.338;5.456.404;90.878;304.595;576.275;5.082.647;3.924.645;881.181;112.158;5.211.660;1.001.276;437.990;254.874.211
2022;julio;100.293.220; nd ;20.472.948;4.170.213;1.071.106;61.568.381;11.855.765;2.723.396;872.970;4.171.627;109.620;2.372.346;1.986.517;9.957.831;126.397;11.373.547;4.856.466;88.623;304.617;604.969;5.025.570;3.487.329;943.730;125.213;4.993.783;1.082.821;419.112;255.058.118
2022;agosto;97.979.306; nd ;20.205.307;4.463.455;985.502;64.276.084;11.396.659;2.758.258;857.469;4.248.298;99.035;1.820.901;1.967.756;15.769.038;117.978;11.085.657;3.923.541;79.949;275.276;593.277;4.648.807;3.256.577;1.008.527;110.426;4.811.528;1.013.783;442.109;258.194.502
2022;septiembre;91.750.937; nd ;19.174.278;3.960.947;1.000.327;63.974.632;11.227.490;2.751.714;813.805;4.627.565;94.210;1.515.042;1.726.758;10.929.155;117.461;9.803.808;3.498.116;75.238;275.251;563.256;3.944.104;3.344.552;804.869;98.014;4.284.193;899.202;390.825;241.645.750
2022;octubre;94.494.295; nd ;19.619.374;4.095.858;1.024.976;64.685.793;11.188.734;2.475.246;833.578;3.907.888;79.737;1.346.245;1.442.046;11.509.402;121.517;8.823.244;3.597.108;80.250;280.356;532.785;3.393.923;3.618.649;782.301;109.957;3.942.391;779.578;415.148;243.180.379
2022;noviembre;87.612.661; nd ;19.209.374;3.936.712;981.251;62.963.817;10.586.587;2.356.603;742.326;3.721.365;62.639;952.641;1.075.046;11.898.007;118.777;7.176.937;3.523.470;79.253;280.018;421.768;2.496.380;3.639.950;805.389;108.182;3.858.276;681.761;388.006;229.677.196
2022;diciembre;91.756.362; nd ;20.474.359;3.746.335;946.063;63.953.658;11.830.999;2.643.476;670.686;3.423.286;66.425;892.324;1.046.228;14.544.920;64.548;8.502.455;3.633.228;83.499;283.832;371.139;2.712.252;3.808.127;812.711;117.520;4.499.589;837.645;371.837;242.093.503
2023;enero;91.365.178; nd ;17.972.826;3.387.813;1.017.384;65.288.388;10.404.223;2.747.172;431.323;3.633.416;71.493;754.459;1.046.706;14.114.383;86.778;8.022.504;3.460.464;72.710;404.464;293.541;2.223.655;3.968.447;396.708;108.532;3.386.126;841.556;273.571;235.773.820
2023;febrero;86.434.769; nd ;18.319.267;3.740.176;952.781;60.988.259;10.080.379;2.681.413;652.532;4.101.059;67.269;601.626;1.041.889;12.899.271;123.716;7.039.410;3.012.164;157.958;374.364;248.344;2.233.410;3.834.383;353.785;103.380;5.245.298;785.020;363.709;226.435.629
2023;marzo;93.076.843; nd ;19.826.479;3.081.883;1.052.506;65.859.198;11.096.775;3.039.571;721.612;4.040.776;71.713;757.105;1.249.884;14.551.664;144.575;7.880.728;3.369.291;61.504;479.563;348.062;2.534.293;4.259.653;861.821;143.087;4.225.052;679.904;400.768;243.814.309
2023;abril;96.737.398; nd ;19.236.213;5.811.268;929.717;60.224.319;9.248.051;1.428.990;1.256.124;4.544.561;75.358;904.679;1.424.780;13.711.786;144.168;8.055.787;2.878.754;99.985;371.108;460.676;3.010.533;4.416.424;448.289;17.128;3.485.978;592.447;401.701;239.916.222
2023;mayo;104.293.921;5.522.766;17.590.472;3.635.423;631.374;60.228.837;10.885.514;1.066.347;1.137.800;3.618.373;75.867;164.990;644.134;11.958.067;183.651;9.943.772;3.224.697; nd ;946.735;669.045;1.111.812;5.051.119;954.020;17.212;3.797.255;405.030;414.664;248.172.897
2023;junio;93.628.406;5.226.133;19.203.120;4.059.279;1.078.891;58.939.036;10.747.131;1.291.613;1.271.073;4.225.561;121.729;668.217;1.032.058;12.421.248;168.416;11.252.345;4.247.921;100.693;714.707;897.307;1.562.607;5.353.663;968.365;15.528;5.781.397;761.674;632.300;246.370.418
2023;julio;102.765.301;5.085.371;21.470.491;4.284.150;1.351.848;65.538.181;11.775.110;1.452.564;1.311.315;4.656.064;120.379;127.124;880.314;12.793.735;161.611;11.009.090;3.074.554;98.567;598.010;1.002.109;1.266.047;5.667.136;1.029.933;300.193;5.331.197;881.301;542.272;264.573.967
2023;agosto;102.959.108;5.138.234;21.634.198;4.507.213;464.946;69.245.081;11.594.554;1.130.577;1.340.531;4.590.516;231.582;142.787;962.523;12.030.949;164.312;4.434.124;10.782.826;94.871;566.503;1.053.635;1.714.550;5.181.287;986.068;326.692;7.060.443;874.135;536.433;269.748.678
2023;septiembre;98.380.268;4.709.492;19.794.594;3.892.370;1.089.390;65.882.623;10.920.439;1.452.392;1.504.337;4.282.819;244.755;204.330;909.577;11.939.132;168.239;4.692.824;10.226.416;92.556;563.089;989.961;1.843.598;4.747.866;378.295;257.675;6.438.572;879.579;478.233;256.963.421
2023;octubre;101.641.363;4.749.058;23.308.308;3.950.183;1.098.742;63.968.083;11.143.015;1.505.816;1.591.323;4.456.790;263.784;211.837;904.744;11.484.746;225.403;10.427.526;4.183.503;99.203;474.839;1.027.783;1.825.774;5.047.239;335.918;277.949;6.294.445;962.703;546.683;262.006.760
2023;noviembre;104.464.468;1.350.220;22.568.430;3.805.179;1.587.670;62.527.168;10.695.132;1.607.077;1.365.563;3.465.406;248.305;501.056;1.085.459;13.012.048;240.500;9.625.266;4.729.754;177.729;1.162.501;924.274;1.903.149;4.444.220;880.781;242.121;5.780.637;1.077.962;700.348;260.172.423
2023;diciembre;102.843.455;1.442.280;22.166.949;4.010.623;1.714.851;69.467.947;8.560.059;1.892.517;1.643.469;3.643.911;283.980;449.067;959.290;14.005.487;192.190;9.041.596;4.985.893;106.246;562.960;758.872;1.719.887;4.604.743;996.995;262.848;5.758.929;935.908;534.645;263.545.597
2024;enero;99.341.666;1.489.559;21.355.662;4.240.848;1.336.239;65.790.484;11.321.852;1.303.461;1.716.758;4.033.283;173.649;381.985;924.910;14.908.938;220.721;8.011.588;3.149.923;105.403;1.385.419;636.035;1.442.046;4.781.862;445.906;231.323;5.401.240;876.434;605.048;255.612.242
2024;febrero;92.933.807;1.958.323;20.052.609;3.990.516;1.561.750;60.311.031;11.378.343;1.439.312;1.875.945;4.571.529;180.733;49.673;806.714;14.077.656;209.509;7.439.633;2.936.711;120.203;1.292.522;501.501;1.270.796;4.847.191;939.319;300.381;5.661.698;797.127;546.714;242.051.246
2024;marzo;103.159.862;1.383.186;19.860.181;3.687.143;1.667.148;64.573.443;11.450.466;2.554.191;1.860.536;3.785.096;220.090;284.917;836.353;16.932.339;215.005;8.011.484;4.037.901;127.205;1.171.238;481.094;1.191.767;4.749.354;1.316.789;304.867;5.265.123;882.868;570.466;260.580.112
2024;abril;100.472.651;2.199.703;18.485.417;4.821.545;1.553.377;61.733.296;10.950.028;2.483.480;1.809.076;4.184.790;191.446;309.292;825.890;17.134.716;201.791;8.216.008;2.768.879;211.298;1.453.403;450.019;1.202.455;5.093.657;1.389.599;264.453;5.296.084;764.028;541.624;255.008.005
2024;mayo;108.434.120;4.152.837;21.131.185;4.325.264;1.406.712;63.797.127;10.488.951;1.481.442;2.046.185;4.788.798;223.384;527.817;1.004.387;14.281.634;194.457;8.680.814;3.699.246;199.617;660.351;604.922;1.534.900;5.267.071;1.117.774;283.151;5.432.097;970.249;489.144;267.223.636
2024;junio;108.993.682;1.892.428;21.601.901;4.201.952;1.259.685;64.785.292;10.360.322;1.356.248;1.941.043;4.554.843;232.265;814.373;1.028.690;12.959.012;196.329;10.461.192;3.769.570;104.153;631.361;778.532;1.842.356;4.730.586;1.066.689;199.409;4.931.263;1.049.928;596.198;266.339.302
2024;julio;111.411.950;1.746.676;21.066.247;4.252.142;1.272.624;65.688.304;10.210.767;1.370.628;1.941.691;4.750.704;88.990;735.827;1.243.075;12.063.121;225.297;9.353.875;3.217.405;160.681;642.247;932.450;1.619.326;4.530.035;1.189.577;203.469;3.981.197;1.031.831;571.528;265.501.664
2024;agosto;111.522.484;1.724.852;20.839.480;4.611.820;1.135.140;66.732.991;10.313.163;1.455.838;2.015.036;4.713.018;140.509;671.972;1.335.069;12.774.765;242.190;10.518.623;3.727.351;151.033;621.259;874.900;1.926.803;4.510.604;1.159.291;163.330;4.103.588;1.002.423;510.027;269.497.559
2024;septiembre;108.870.821;1.522.545;18.514.408;3.894.909;949.533;61.629.625;9.680.317;1.392.491;2.013.016;4.407.220;142.663;650.971;1.280.386;12.331.237;226.811;9.783.706;3.521.544;138.744;495.309;892.469;1.705.261;4.010.214;1.023.640;197.821;3.373.115;951.544;420.162;254.020.482
2024;octubre;112.371.067;1.605.193;21.066.338;3.540.891;1.132.152;64.340.583;10.307.586;1.477.804;2.263.221;4.214.039;148.404;636.945;1.337.330;14.117.629;235.391;9.905.585;3.651.812;149.718;528.811;950.234;2.241.149;4.568.875;1.128.249;269.446;3.157.491;948.957;491.555;266.786.455
2024;noviembre;107.791.939;1.551.527;20.256.775;3.639.725;1.278.882;64.110.769;10.200.602;1.475.833;2.225.740;3.930.822;97.576;509.696;1.170.549;12.394.291;236.813;9.195.031;3.435.604;150.294;586.230;790.862;1.992.846;4.402.896;1.158.215;186.690;3.626.573;870.255;453.281;257.720.316
2024;diciembre;113.959.183;1.671.580;21.278.566;3.703.870;1.186.148;67.693.116;10.565.574;1.522.682;2.425.597;3.899.049;109.531;499.103;1.031.965;14.229.866;238.534;8.697.251;3.611.142;155.305;634.461;708.739;1.627.022;4.642.511;1.106.519;140.567;2.541.005;1.018.136;416.571;269.313.593
2025;enero;115.670.840;1.645.705;21.499.565;3.636.899;1.125.765;68.941.779;10.488.786;1.596.403;2.497.260;4.022.519;197.216;487.714;982.846;14.576.412;261.925;8.499.154;3.654.873;164.950;568.955;630.168;1.716.251;4.844.278;1.098.791;140.992;3.812.122;878.648;314.534;273.955.350
2025;febrero;101.965.215;1.409.032;18.460.004;3.358.681;1.129.720;60.451.464;8.846.466;1.439.938;2.374.017;3.731.372;201.945;400.291;814.722;12.931.270;234.944;6.726.547;3.098.680;138.539;573.961;476.163;1.190.346;4.618.266;1.047.868;129.468;3.053.065;711.699;348.626;239.862.309
2025;marzo;118.590.699;1.590.656;20.595.712;3.938.315;1.527.731;67.453.488;9.566.554;1.597.680;2.675.362;4.124.448;229.198;345.905;912.233;16.223.680;238.032;7.504.707;3.486.605;176.871;623.130;491.498;1.482.582;5.092.950;1.163.528;146.586;3.451.067;725.680;304.413;274.259.310
2025;abril;113.728.979;1.626.686;20.764.631;4.419.764;849.320;56.744.363;10.397.980;1.687.134;1.649.837;4.872.056;234.472;368.268;913.864;16.242.940;254.260;8.105.012;3.523.840;158.577;648.188;455.616;1.224.104;4.860.450;1.158.203;208.477;4.348.400;688.734;422.352;260.556.507
2025;mayo;116.954.258;1.880.424;21.587.716;4.527.969;897.759;61.741.632;9.337.203;1.700.217;1.828.516;4.808.463;210.506;471.599;1.102.834;13.959.737;483.093;9.438.231;3.968.542;180.468;686.422;640.290;1.338.618;4.758.446;1.264.673;209.688;3.400.278;815.762;438.897;268.632.239
2025;junio;114.013.720;1.971.409;21.176.240;4.220.437;854.043;59.714.846;9.423.148;1.582.805;1.879.884;4.587.773;215.134;553.217;1.077.082;11.720.876;443.198;10.477.947;3.918.931;74.587;614.678;768.593;2.086.727;3.995.032;1.242.636;192.868;4.425.432;859.796;439.945;262.530.984
2025;julio;117.369.900;1.952.474;20.920.664;4.077.036;851.485;60.921.942;9.619.903;1.625.715;1.749.444;4.651.726;199.591;540.885;1.292.851;10.597.119;227.164;10.282.543;3.770.121;124.026;640.196;867.801;2.373.890;3.656.516;1.198.655;169.343;4.328.716;794.802;617.172;265.421.680
2025;agosto;116.156.198;1.318.014;20.264.898;4.470.785;770.884;61.167.978;9.938.922;1.699.450;1.816.782;4.765.455;188.839;455.338;1.237.142;10.762.426;227.254;9.847.722;3.521.664;118.572;596.467;815.273;2.204.904;3.511.793;1.132.036;185.953;4.113.199;683.739;518.665;262.490.352
